source_file,row_count,sha256,final_path,final_sha256,classification,acceptance_rule,upstream_source_path
256/01_global_ur/common_near_lossless_latency.csv,18,2f3d5b55110637e0c8e076969685ab2c46e113629895be23d20290a7e43a1ce2,data/256/01_global_ur/common_near_lossless_latency.csv,2f3d5b55110637e0c8e076969685ab2c46e113629895be23d20290a7e43a1ce2,paired_latency_eligible,"only loads where both DUTs are near_lossless, uncensored, full-drain and share trace hash",DATE paper\experiments\raw\paper256\compact256_20260918_111300\summary_e1.csv
256/01_global_ur/throughput_all_full_drain.csv,40,4484de6995c20ed508b51bb4491c2a912e639e416774fc46d7cf3da7091502e0,data/256/01_global_ur/throughput_all_full_drain.csv,4484de6995c20ed508b51bb4491c2a912e639e416774fc46d7cf3da7091502e0,accepted_throughput,20 loads x 2 DUTs; full-drain 55k/55k and paired trace,DATE paper\experiments\raw\paper256\compact256_20260918_111300\summary_e1.csv
256/02_locality/locality_m120_paired_eligible.csv,6,f9d2b5d82fcecc6a5035ba1a1f04dbead14618547668da706e5404d450676340,data/256/02_locality/locality_m120_paired_eligible.csv,f9d2b5d82fcecc6a5035ba1a1f04dbead14618547668da706e5404d450676340,paired_latency_eligible,"M120; both DUTs pass, near_lossless and paper_eligible; paired canonical trace",DATE paper\experiments\raw\paper256\compact256_repair_20260918_123846\acceptance_e3_m120.csv
256/02_locality/locality_m120_paired_summary.csv,6,b427ea73ddbc1f703c8e50b417448a72d6ec5bd924045e497787f953cd147ab8,data/256/02_locality/locality_m120_paired_summary.csv,b427ea73ddbc1f703c8e50b417448a72d6ec5bd924045e497787f953cd147ab8,paired_metrics_summary,summary rows restricted to the six cases passing paired locality acceptance,DATE paper\experiments\raw\paper256\compact256_repair_20260918_123846\summary_e3_m120.csv
256/02_locality/raw/case_logs/LOCALITY256_compact256_repair_20260918_123846_m120_p0p24705882352941178_FM256_top0.v3_metrics.csv,1,07dad897e7eb6d9d0c1e70a7c43c98adf1ddbb2337bbf09a278368cfacab94de,data/256/02_locality/raw/case_logs/LOCALITY256_compact256_repair_20260918_123846_m120_p0p24705882352941178_FM256_top0.v3_metrics.csv,07dad897e7eb6d9d0c1e70a7c43c98adf1ddbb2337bbf09a278368cfacab94de,selected_full_drain_case_csv,Copied only when the parent case is present in a paper_eligible acceptance CSV,DATE paper\experiments\curated\paper256\compact256_repair_20260918_123846\case_logs\LOCALITY256_compact256_repair_20260918_123846_m120_p0p24705882352941178_FM256_top0.v3_metrics.csv
256/02_locality/raw/case_logs/LOCALITY256_compact256_repair_20260918_123846_m120_p0p24705882352941178_PROP_temp256_m16_top0.v3_metrics.csv,1,07dad897e7eb6d9d0c1e70a7c43c98adf1ddbb2337bbf09a278368cfacab94de,data/256/02_locality/raw/case_logs/LOCALITY256_compact256_repair_20260918_123846_m120_p0p24705882352941178_PROP_temp256_m16_top0.v3_metrics.csv,07dad897e7eb6d9d0c1e70a7c43c98adf1ddbb2337bbf09a278368cfacab94de,selected_full_drain_case_csv,Copied only when the parent case is present in a paper_eligible acceptance CSV,DATE paper\experiments\curated\paper256\compact256_repair_20260918_123846\case_logs\LOCALITY256_compact256_repair_20260918_123846_m120_p0p24705882352941178_PROP_temp256_m16_top0.v3_metrics.csv
256/02_locality/raw/case_logs/LOCALITY256_compact256_repair_20260918_123846_m120_p0p5_FM256_top0.v3_metrics.csv,1,07dad897e7eb6d9d0c1e70a7c43c98adf1ddbb2337bbf09a278368cfacab94de,data/256/02_locality/raw/case_logs/LOCALITY256_compact256_repair_20260918_123846_m120_p0p5_FM256_top0.v3_metrics.csv,07dad897e7eb6d9d0c1e70a7c43c98adf1ddbb2337bbf09a278368cfacab94de,selected_full_drain_case_csv,Copied only when the parent case is present in a paper_eligible acceptance CSV,DATE paper\experiments\curated\paper256\compact256_repair_20260918_123846\case_logs\LOCALITY256_compact256_repair_20260918_123846_m120_p0p5_FM256_top0.v3_metrics.csv
256/02_locality/raw/case_logs/LOCALITY256_compact256_repair_20260918_123846_m120_p0p5_PROP_temp256_m16_top0.v3_metrics.csv,1,07dad897e7eb6d9d0c1e70a7c43c98adf1ddbb2337bbf09a278368cfacab94de,data/256/02_locality/raw/case_logs/LOCALITY256_compact256_repair_20260918_123846_m120_p0p5_PROP_temp256_m16_top0.v3_metrics.csv,07dad897e7eb6d9d0c1e70a7c43c98adf1ddbb2337bbf09a278368cfacab94de,selected_full_drain_case_csv,Copied only when the parent case is present in a paper_eligible acceptance CSV,DATE paper\experiments\curated\paper256\compact256_repair_20260918_123846\case_logs\LOCALITY256_compact256_repair_20260918_123846_m120_p0p5_PROP_temp256_m16_top0.v3_metrics.csv
256/02_locality/raw/case_logs/LOCALITY256_compact256_repair_20260918_123846_m120_p0p75_FM256_top0.v3_metrics.csv,1,07dad897e7eb6d9d0c1e70a7c43c98adf1ddbb2337bbf09a278368cfacab94de,data/256/02_locality/raw/case_logs/LOCALITY256_compact256_repair_20260918_123846_m120_p0p75_FM256_top0.v3_metrics.csv,07dad897e7eb6d9d0c1e70a7c43c98adf1ddbb2337bbf09a278368cfacab94de,selected_full_drain_case_csv,Copied only when the parent case is present in a paper_eligible acceptance CSV,DATE paper\experiments\curated\paper256\compact256_repair_20260918_123846\case_logs\LOCALITY256_compact256_repair_20260918_123846_m120_p0p75_FM256_top0.v3_metrics.csv
256/02_locality/raw/case_logs/LOCALITY256_compact256_repair_20260918_123846_m120_p0p75_PROP_temp256_m16_top0.v3_metrics.csv,1,07dad897e7eb6d9d0c1e70a7c43c98adf1ddbb2337bbf09a278368cfacab94de,data/256/02_locality/raw/case_logs/LOCALITY256_compact256_repair_20260918_123846_m120_p0p75_PROP_temp256_m16_top0.v3_metrics.csv,07dad897e7eb6d9d0c1e70a7c43c98adf1ddbb2337bbf09a278368cfacab94de,selected_full_drain_case_csv,Copied only when the parent case is present in a paper_eligible acceptance CSV,DATE paper\experiments\curated\paper256\compact256_repair_20260918_123846\case_logs\LOCALITY256_compact256_repair_20260918_123846_m120_p0p75_PROP_temp256_m16_top0.v3_metrics.csv
256/02_locality/raw/case_results/sdf_LOCALITY256_compact256_repair_20260918_123846_m120_p0p24705882352941178_FM256_top0.csv,1,88b57c92f00614344d6ac8dfa52207d70ce2cf9bb9d699cd855a9bdc6da5bbd9,data/256/02_locality/raw/case_results/sdf_LOCALITY256_compact256_repair_20260918_123846_m120_p0p24705882352941178_FM256_top0.csv,88b57c92f00614344d6ac8dfa52207d70ce2cf9bb9d699cd855a9bdc6da5bbd9,selected_full_drain_case_csv,Copied only when the parent case is present in a paper_eligible acceptance CSV,DATE paper\experiments\curated\paper256\compact256_repair_20260918_123846\case_results\sdf_LOCALITY256_compact256_repair_20260918_123846_m120_p0p24705882352941178_FM256_top0.csv
256/02_locality/raw/case_results/sdf_LOCALITY256_compact256_repair_20260918_123846_m120_p0p24705882352941178_PROP_temp256_m16_top0.csv,1,9f02e3a8ea1a75f41bc48536876a127cb9250aecc61f7e2a8441b61f3570a622,data/256/02_locality/raw/case_results/sdf_LOCALITY256_compact256_repair_20260918_123846_m120_p0p24705882352941178_PROP_temp256_m16_top0.csv,9f02e3a8ea1a75f41bc48536876a127cb9250aecc61f7e2a8441b61f3570a622,selected_full_drain_case_csv,Copied only when the parent case is present in a paper_eligible acceptance CSV,DATE paper\experiments\curated\paper256\compact256_repair_20260918_123846\case_results\sdf_LOCALITY256_compact256_repair_20260918_123846_m120_p0p24705882352941178_PROP_temp256_m16_top0.csv
256/02_locality/raw/case_results/sdf_LOCALITY256_compact256_repair_20260918_123846_m120_p0p5_FM256_top0.csv,1,d930fdd03ffb54ceefd56bdc915deeef91dbd11f0386cb5875fb7697a67336df,data/256/02_locality/raw/case_results/sdf_LOCALITY256_compact256_repair_20260918_123846_m120_p0p5_FM256_top0.csv,d930fdd03ffb54ceefd56bdc915deeef91dbd11f0386cb5875fb7697a67336df,selected_full_drain_case_csv,Copied only when the parent case is present in a paper_eligible acceptance CSV,DATE paper\experiments\curated\paper256\compact256_repair_20260918_123846\case_results\sdf_LOCALITY256_compact256_repair_20260918_123846_m120_p0p5_FM256_top0.csv
256/02_locality/raw/case_results/sdf_LOCALITY256_compact256_repair_20260918_123846_m120_p0p5_PROP_temp256_m16_top0.csv,1,13dccb8dbe7fdd1830727419cb0daae5f5853db985d896c6cc3dd30ece95528a,data/256/02_locality/raw/case_results/sdf_LOCALITY256_compact256_repair_20260918_123846_m120_p0p5_PROP_temp256_m16_top0.csv,13dccb8dbe7fdd1830727419cb0daae5f5853db985d896c6cc3dd30ece95528a,selected_full_drain_case_csv,Copied only when the parent case is present in a paper_eligible acceptance CSV,DATE paper\experiments\curated\paper256\compact256_repair_20260918_123846\case_results\sdf_LOCALITY256_compact256_repair_20260918_123846_m120_p0p5_PROP_temp256_m16_top0.csv
256/02_locality/raw/case_results/sdf_LOCALITY256_compact256_repair_20260918_123846_m120_p0p75_FM256_top0.csv,1,a948bd797d5c0c4e3b5a95e19f466ca57050c949d1e027255db1d5b322f4938c,data/256/02_locality/raw/case_results/sdf_LOCALITY256_compact256_repair_20260918_123846_m120_p0p75_FM256_top0.csv,a948bd797d5c0c4e3b5a95e19f466ca57050c949d1e027255db1d5b322f4938c,selected_full_drain_case_csv,Copied only when the parent case is present in a paper_eligible acceptance CSV,DATE paper\experiments\curated\paper256\compact256_repair_20260918_123846\case_results\sdf_LOCALITY256_compact256_repair_20260918_123846_m120_p0p75_FM256_top0.csv
256/02_locality/raw/case_results/sdf_LOCALITY256_compact256_repair_20260918_123846_m120_p0p75_PROP_temp256_m16_top0.csv,1,38d62deb4a75cf615d13dd9f9f28b0b8bda67ecf0d3ab82fac5f8fd15056ab9b,data/256/02_locality/raw/case_results/sdf_LOCALITY256_compact256_repair_20260918_123846_m120_p0p75_PROP_temp256_m16_top0.csv,38d62deb4a75cf615d13dd9f9f28b0b8bda67ecf0d3ab82fac5f8fd15056ab9b,selected_full_drain_case_csv,Copied only when the parent case is present in a paper_eligible acceptance CSV,DATE paper\experiments\curated\paper256\compact256_repair_20260918_123846\case_results\sdf_LOCALITY256_compact256_repair_20260918_123846_m120_p0p75_PROP_temp256_m16_top0.csv
256/02_locality/raw/events/LOCALITY256_compact256_repair_20260918_123846_m120_p0p24705882352941178_FM256_top0.events.csv,110000,0bdf3b33f7153ee459977333808e92b157ab8b95e9e02cc44bc1dd2dd827f4c4,data/256/02_locality/raw/events/LOCALITY256_compact256_repair_20260918_123846_m120_p0p24705882352941178_FM256_top0.events.csv,0bdf3b33f7153ee459977333808e92b157ab8b95e9e02cc44bc1dd2dd827f4c4,selected_full_drain_case_csv,Copied only when the parent case is present in a paper_eligible acceptance CSV,DATE paper\experiments\curated\paper256\compact256_repair_20260918_123846\events\LOCALITY256_compact256_repair_20260918_123846_m120_p0p24705882352941178_FM256_top0.events.csv
256/02_locality/raw/events/LOCALITY256_compact256_repair_20260918_123846_m120_p0p24705882352941178_PROP_temp256_m16_top0.events.csv,110000,ddc166646114475bbed78e007103b3faec7b8db0a82ace67c89c1d59b75dd681,data/256/02_locality/raw/events/LOCALITY256_compact256_repair_20260918_123846_m120_p0p24705882352941178_PROP_temp256_m16_top0.events.csv,ddc166646114475bbed78e007103b3faec7b8db0a82ace67c89c1d59b75dd681,selected_full_drain_case_csv,Copied only when the parent case is present in a paper_eligible acceptance CSV,DATE paper\experiments\curated\paper256\compact256_repair_20260918_123846\events\LOCALITY256_compact256_repair_20260918_123846_m120_p0p24705882352941178_PROP_temp256_m16_top0.events.csv
256/02_locality/raw/events/LOCALITY256_compact256_repair_20260918_123846_m120_p0p5_FM256_top0.events.csv,110000,3a4c2abe26bb1a1609f5a8a1295391d6647d3afaba4561b4f257e21e640fcc81,data/256/02_locality/raw/events/LOCALITY256_compact256_repair_20260918_123846_m120_p0p5_FM256_top0.events.csv,3a4c2abe26bb1a1609f5a8a1295391d6647d3afaba4561b4f257e21e640fcc81,selected_full_drain_case_csv,Copied only when the parent case is present in a paper_eligible acceptance CSV,DATE paper\experiments\curated\paper256\compact256_repair_20260918_123846\events\LOCALITY256_compact256_repair_20260918_123846_m120_p0p5_FM256_top0.events.csv
256/02_locality/raw/events/LOCALITY256_compact256_repair_20260918_123846_m120_p0p5_PROP_temp256_m16_top0.events.csv,110000,fc1bedead207dc31a7e9314c631a3c3635b5751eac4794f6ffd709378475545c,data/256/02_locality/raw/events/LOCALITY256_compact256_repair_20260918_123846_m120_p0p5_PROP_temp256_m16_top0.events.csv,fc1bedead207dc31a7e9314c631a3c3635b5751eac4794f6ffd709378475545c,selected_full_drain_case_csv,Copied only when the parent case is present in a paper_eligible acceptance CSV,DATE paper\experiments\curated\paper256\compact256_repair_20260918_123846\events\LOCALITY256_compact256_repair_20260918_123846_m120_p0p5_PROP_temp256_m16_top0.events.csv
256/02_locality/raw/events/LOCALITY256_compact256_repair_20260918_123846_m120_p0p75_FM256_top0.events.csv,110000,e81b0b88d537912c2984e2fb639695d3824ab9153140e60cefa09444a3a12c44,data/256/02_locality/raw/events/LOCALITY256_compact256_repair_20260918_123846_m120_p0p75_FM256_top0.events.csv,e81b0b88d537912c2984e2fb639695d3824ab9153140e60cefa09444a3a12c44,selected_full_drain_case_csv,Copied only when the parent case is present in a paper_eligible acceptance CSV,DATE paper\experiments\curated\paper256\compact256_repair_20260918_123846\events\LOCALITY256_compact256_repair_20260918_123846_m120_p0p75_FM256_top0.events.csv
256/02_locality/raw/events/LOCALITY256_compact256_repair_20260918_123846_m120_p0p75_PROP_temp256_m16_top0.events.csv,110000,c854008b2f51e9cbffcc0689cce10a6db4930cb6adb806caea43faf6be9b9d3a,data/256/02_locality/raw/events/LOCALITY256_compact256_repair_20260918_123846_m120_p0p75_PROP_temp256_m16_top0.events.csv,c854008b2f51e9cbffcc0689cce10a6db4930cb6adb806caea43faf6be9b9d3a,selected_full_drain_case_csv,Copied only when the parent case is present in a paper_eligible acceptance CSV,DATE paper\experiments\curated\paper256\compact256_repair_20260918_123846\events\LOCALITY256_compact256_repair_20260918_123846_m120_p0p75_PROP_temp256_m16_top0.events.csv
256/02_locality/raw/flit_latency/LOCALITY256_compact256_repair_20260918_123846_m120_p0p24705882352941178_FM256_top0.flit_latency.csv,55000,86ebcb89c4446096ecfcb441c16356c545c60fb66a8766c902e79ba9fad7aad5,data/256/02_locality/raw/flit_latency/LOCALITY256_compact256_repair_20260918_123846_m120_p0p24705882352941178_FM256_top0.flit_latency.csv,86ebcb89c4446096ecfcb441c16356c545c60fb66a8766c902e79ba9fad7aad5,selected_full_drain_case_csv,Copied only when the parent case is present in a paper_eligible acceptance CSV,DATE paper\experiments\curated\paper256\compact256_repair_20260918_123846\flit_latency\LOCALITY256_compact256_repair_20260918_123846_m120_p0p24705882352941178_FM256_top0.flit_latency.csv
256/02_locality/raw/flit_latency/LOCALITY256_compact256_repair_20260918_123846_m120_p0p24705882352941178_PROP_temp256_m16_top0.flit_latency.csv,55000,ef3a3050bbbc733adcfba1fb895371db3cf66ed9260b0226775fbc381fcc6e6b,data/256/02_locality/raw/flit_latency/LOCALITY256_compact256_repair_20260918_123846_m120_p0p24705882352941178_PROP_temp256_m16_top0.flit_latency.csv,ef3a3050bbbc733adcfba1fb895371db3cf66ed9260b0226775fbc381fcc6e6b,selected_full_drain_case_csv,Copied only when the parent case is present in a paper_eligible acceptance CSV,DATE paper\experiments\curated\paper256\compact256_repair_20260918_123846\flit_latency\LOCALITY256_compact256_repair_20260918_123846_m120_p0p24705882352941178_PROP_temp256_m16_top0.flit_latency.csv
256/02_locality/raw/flit_latency/LOCALITY256_compact256_repair_20260918_123846_m120_p0p5_FM256_top0.flit_latency.csv,55000,08398b304ef13f9d2fbf971c540b56f2c30cc7aa51c33de80acdc8332dc590a6,data/256/02_locality/raw/flit_latency/LOCALITY256_compact256_repair_20260918_123846_m120_p0p5_FM256_top0.flit_latency.csv,08398b304ef13f9d2fbf971c540b56f2c30cc7aa51c33de80acdc8332dc590a6,selected_full_drain_case_csv,Copied only when the parent case is present in a paper_eligible acceptance CSV,DATE paper\experiments\curated\paper256\compact256_repair_20260918_123846\flit_latency\LOCALITY256_compact256_repair_20260918_123846_m120_p0p5_FM256_top0.flit_latency.csv
256/02_locality/raw/flit_latency/LOCALITY256_compact256_repair_20260918_123846_m120_p0p5_PROP_temp256_m16_top0.flit_latency.csv,55000,5666bda6657ad520c94c3e83c5b6a6a11f02aaedbe7c3f9f683c3f77a4436089,data/256/02_locality/raw/flit_latency/LOCALITY256_compact256_repair_20260918_123846_m120_p0p5_PROP_temp256_m16_top0.flit_latency.csv,5666bda6657ad520c94c3e83c5b6a6a11f02aaedbe7c3f9f683c3f77a4436089,selected_full_drain_case_csv,Copied only when the parent case is present in a paper_eligible acceptance CSV,DATE paper\experiments\curated\paper256\compact256_repair_20260918_123846\flit_latency\LOCALITY256_compact256_repair_20260918_123846_m120_p0p5_PROP_temp256_m16_top0.flit_latency.csv
256/02_locality/raw/flit_latency/LOCALITY256_compact256_repair_20260918_123846_m120_p0p75_FM256_top0.flit_latency.csv,55000,a946f26b389a9c994beed7564d52e89531043ccb6a80602563f0b97815949d13,data/256/02_locality/raw/flit_latency/LOCALITY256_compact256_repair_20260918_123846_m120_p0p75_FM256_top0.flit_latency.csv,a946f26b389a9c994beed7564d52e89531043ccb6a80602563f0b97815949d13,selected_full_drain_case_csv,Copied only when the parent case is present in a paper_eligible acceptance CSV,DATE paper\experiments\curated\paper256\compact256_repair_20260918_123846\flit_latency\LOCALITY256_compact256_repair_20260918_123846_m120_p0p75_FM256_top0.flit_latency.csv
256/02_locality/raw/flit_latency/LOCALITY256_compact256_repair_20260918_123846_m120_p0p75_PROP_temp256_m16_top0.flit_latency.csv,55000,dc021021b454a799b44c01d3c45f71405e566ba0acb0ef4b2cc94bdbd9b93c45,data/256/02_locality/raw/flit_latency/LOCALITY256_compact256_repair_20260918_123846_m120_p0p75_PROP_temp256_m16_top0.flit_latency.csv,dc021021b454a799b44c01d3c45f71405e566ba0acb0ef4b2cc94bdbd9b93c45,selected_full_drain_case_csv,Copied only when the parent case is present in a paper_eligible acceptance CSV,DATE paper\experiments\curated\paper256\compact256_repair_20260918_123846\flit_latency\LOCALITY256_compact256_repair_20260918_123846_m120_p0p75_PROP_temp256_m16_top0.flit_latency.csv
256/02_locality/raw/latency/LOCALITY256_compact256_repair_20260918_123846_m120_p0p24705882352941178_FM256_top0.latency.csv,11000,45c058bbd2957b378c2271eb076d87258c3220ba7be33278564670210afabb0c,data/256/02_locality/raw/latency/LOCALITY256_compact256_repair_20260918_123846_m120_p0p24705882352941178_FM256_top0.latency.csv,45c058bbd2957b378c2271eb076d87258c3220ba7be33278564670210afabb0c,selected_full_drain_case_csv,Copied only when the parent case is present in a paper_eligible acceptance CSV,DATE paper\experiments\curated\paper256\compact256_repair_20260918_123846\latency\LOCALITY256_compact256_repair_20260918_123846_m120_p0p24705882352941178_FM256_top0.latency.csv
256/02_locality/raw/latency/LOCALITY256_compact256_repair_20260918_123846_m120_p0p24705882352941178_PROP_temp256_m16_top0.latency.csv,11000,bf2a32e0ab2e6a67f2584abea2d31eb1c617da10ad6f58039cfd665846525457,data/256/02_locality/raw/latency/LOCALITY256_compact256_repair_20260918_123846_m120_p0p24705882352941178_PROP_temp256_m16_top0.latency.csv,bf2a32e0ab2e6a67f2584abea2d31eb1c617da10ad6f58039cfd665846525457,selected_full_drain_case_csv,Copied only when the parent case is present in a paper_eligible acceptance CSV,DATE paper\experiments\curated\paper256\compact256_repair_20260918_123846\latency\LOCALITY256_compact256_repair_20260918_123846_m120_p0p24705882352941178_PROP_temp256_m16_top0.latency.csv
256/02_locality/raw/latency/LOCALITY256_compact256_repair_20260918_123846_m120_p0p5_FM256_top0.latency.csv,11000,5e6170d1b129de7c06d4397320b61af085aab6414bea8504a5114a442e8c54c0,data/256/02_locality/raw/latency/LOCALITY256_compact256_repair_20260918_123846_m120_p0p5_FM256_top0.latency.csv,5e6170d1b129de7c06d4397320b61af085aab6414bea8504a5114a442e8c54c0,selected_full_drain_case_csv,Copied only when the parent case is present in a paper_eligible acceptance CSV,DATE paper\experiments\curated\paper256\compact256_repair_20260918_123846\latency\LOCALITY256_compact256_repair_20260918_123846_m120_p0p5_FM256_top0.latency.csv
256/02_locality/raw/latency/LOCALITY256_compact256_repair_20260918_123846_m120_p0p5_PROP_temp256_m16_top0.latency.csv,11000,7c73a00151a740428dfe5adcd9ebb9ce831c63f52937eebdbe7b884fc7a519a6,data/256/02_locality/raw/latency/LOCALITY256_compact256_repair_20260918_123846_m120_p0p5_PROP_temp256_m16_top0.latency.csv,7c73a00151a740428dfe5adcd9ebb9ce831c63f52937eebdbe7b884fc7a519a6,selected_full_drain_case_csv,Copied only when the parent case is present in a paper_eligible acceptance CSV,DATE paper\experiments\curated\paper256\compact256_repair_20260918_123846\latency\LOCALITY256_compact256_repair_20260918_123846_m120_p0p5_PROP_temp256_m16_top0.latency.csv
256/02_locality/raw/latency/LOCALITY256_compact256_repair_20260918_123846_m120_p0p75_FM256_top0.latency.csv,11000,2f4573f548cf894f372dc277f0273791df0a14616594f37ce74a54d186383fc2,data/256/02_locality/raw/latency/LOCALITY256_compact256_repair_20260918_123846_m120_p0p75_FM256_top0.latency.csv,2f4573f548cf894f372dc277f0273791df0a14616594f37ce74a54d186383fc2,selected_full_drain_case_csv,Copied only when the parent case is present in a paper_eligible acceptance CSV,DATE paper\experiments\curated\paper256\compact256_repair_20260918_123846\latency\LOCALITY256_compact256_repair_20260918_123846_m120_p0p75_FM256_top0.latency.csv
256/02_locality/raw/latency/LOCALITY256_compact256_repair_20260918_123846_m120_p0p75_PROP_temp256_m16_top0.latency.csv,11000,28dd0d6299a8208cbee010b091d6d1667b7ac5e54f19bbeb6f18d010cf4c374e,data/256/02_locality/raw/latency/LOCALITY256_compact256_repair_20260918_123846_m120_p0p75_PROP_temp256_m16_top0.latency.csv,28dd0d6299a8208cbee010b091d6d1667b7ac5e54f19bbeb6f18d010cf4c374e,selected_full_drain_case_csv,Copied only when the parent case is present in a paper_eligible acceptance CSV,DATE paper\experiments\curated\paper256\compact256_repair_20260918_123846\latency\LOCALITY256_compact256_repair_20260918_123846_m120_p0p75_PROP_temp256_m16_top0.latency.csv
256/02_locality/raw/upper_mesh_counters/LOCALITY256_compact256_repair_20260918_123846_m120_p0p24705882352941178_PROP_temp256_m16_top0.csv,261,d128df00c1e52ac7ed62971fe6a56c98d63200e919f38b782eeecdba7f46a79b,data/256/02_locality/raw/upper_mesh_counters/LOCALITY256_compact256_repair_20260918_123846_m120_p0p24705882352941178_PROP_temp256_m16_top0.csv,d128df00c1e52ac7ed62971fe6a56c98d63200e919f38b782eeecdba7f46a79b,selected_full_drain_case_csv,Copied only when the parent case is present in a paper_eligible acceptance CSV,DATE paper\experiments\curated\paper256\compact256_repair_20260918_123846\upper_mesh_counters\LOCALITY256_compact256_repair_20260918_123846_m120_p0p24705882352941178_PROP_temp256_m16_top0.csv
256/02_locality/raw/upper_mesh_counters/LOCALITY256_compact256_repair_20260918_123846_m120_p0p5_PROP_temp256_m16_top0.csv,261,3688ce342d5461d8f60dda5ee1260a5caff60c7af91ccfd14212f3eec71b27c9,data/256/02_locality/raw/upper_mesh_counters/LOCALITY256_compact256_repair_20260918_123846_m120_p0p5_PROP_temp256_m16_top0.csv,3688ce342d5461d8f60dda5ee1260a5caff60c7af91ccfd14212f3eec71b27c9,selected_full_drain_case_csv,Copied only when the parent case is present in a paper_eligible acceptance CSV,DATE paper\experiments\curated\paper256\compact256_repair_20260918_123846\upper_mesh_counters\LOCALITY256_compact256_repair_20260918_123846_m120_p0p5_PROP_temp256_m16_top0.csv
256/02_locality/raw/upper_mesh_counters/LOCALITY256_compact256_repair_20260918_123846_m120_p0p75_PROP_temp256_m16_top0.csv,261,e60c1650f98d3eaa6ca96f9688ad3ff08c9a6383f295ec06914c663a6659977e,data/256/02_locality/raw/upper_mesh_counters/LOCALITY256_compact256_repair_20260918_123846_m120_p0p75_PROP_temp256_m16_top0.csv,e60c1650f98d3eaa6ca96f9688ad3ff08c9a6383f295ec06914c663a6659977e,selected_full_drain_case_csv,Copied only when the parent case is present in a paper_eligible acceptance CSV,DATE paper\experiments\curated\paper256\compact256_repair_20260918_123846\upper_mesh_counters\LOCALITY256_compact256_repair_20260918_123846_m120_p0p75_PROP_temp256_m16_top0.csv
256/03_f16_cross_tier/f16_2tile_m5_m20_acceptance.csv,4,79a393aa0ec8bfd3677227a27199bcbd49d99d666d54da7b80f1414ef5277fae,data/256/03_f16_cross_tier/f16_2tile_m5_m20_acceptance.csv,79a393aa0ec8bfd3677227a27199bcbd49d99d666d54da7b80f1414ef5277fae,acceptance,"PASS, paper_eligible, not censored; M5/M20 only",DATE paper\experiments\raw\paper256\compact256_repair_20260918_123846\acceptance_e2_f16_2tile.csv
256/03_f16_cross_tier/f16_2tile_m5_m20_summary.csv,4,38d882f480b27597bb7e2dc9f46e7e9831574de79c60765ef0f1d6b4209d4a0f,data/256/03_f16_cross_tier/f16_2tile_m5_m20_summary.csv,38d882f480b27597bb7e2dc9f46e7e9831574de79c60765ef0f1d6b4209d4a0f,summary,"400/400 originals, 6400 useful destinations, full drain, not censored",DATE paper\experiments\raw\paper256\compact256_repair_20260918_123846\summary_e2_f16_2tile.csv
256/03_f16_cross_tier/raw/case_logs/MC-F16-2TILE_compact256_repair_20260918_123846_m20_native_PROP_temp256_m16_top0.v3_metrics.csv,1,11c54f7ed933392a0d27ec8534e6f574afbd82211f699bb9d59a2d861984d2cd,data/256/03_f16_cross_tier/raw/case_logs/MC-F16-2TILE_compact256_repair_20260918_123846_m20_native_PROP_temp256_m16_top0.v3_metrics.csv,11c54f7ed933392a0d27ec8534e6f574afbd82211f699bb9d59a2d861984d2cd,selected_full_drain_case_csv,Copied only when the parent case is present in a paper_eligible acceptance CSV,DATE paper\experiments\curated\paper256\compact256_repair_20260918_123846\case_logs\MC-F16-2TILE_compact256_repair_20260918_123846_m20_native_PROP_temp256_m16_top0.v3_metrics.csv
256/03_f16_cross_tier/raw/case_logs/MC-F16-2TILE_compact256_repair_20260918_123846_m20_repeated_PROP_temp256_m16_top0.v3_metrics.csv,1,c3b544f1c4f7a8db353b6d5d7a8cefb39b8f30e8fa594f548d21b7b1d2c3500b,data/256/03_f16_cross_tier/raw/case_logs/MC-F16-2TILE_compact256_repair_20260918_123846_m20_repeated_PROP_temp256_m16_top0.v3_metrics.csv,c3b544f1c4f7a8db353b6d5d7a8cefb39b8f30e8fa594f548d21b7b1d2c3500b,selected_full_drain_case_csv,Copied only when the parent case is present in a paper_eligible acceptance CSV,DATE paper\experiments\curated\paper256\compact256_repair_20260918_123846\case_logs\MC-F16-2TILE_compact256_repair_20260918_123846_m20_repeated_PROP_temp256_m16_top0.v3_metrics.csv
256/03_f16_cross_tier/raw/case_logs/MC-F16-2TILE_compact256_repair_20260918_123846_m5_native_PROP_temp256_m16_top0.v3_metrics.csv,1,11c54f7ed933392a0d27ec8534e6f574afbd82211f699bb9d59a2d861984d2cd,data/256/03_f16_cross_tier/raw/case_logs/MC-F16-2TILE_compact256_repair_20260918_123846_m5_native_PROP_temp256_m16_top0.v3_metrics.csv,11c54f7ed933392a0d27ec8534e6f574afbd82211f699bb9d59a2d861984d2cd,selected_full_drain_case_csv,Copied only when the parent case is present in a paper_eligible acceptance CSV,DATE paper\experiments\curated\paper256\compact256_repair_20260918_123846\case_logs\MC-F16-2TILE_compact256_repair_20260918_123846_m5_native_PROP_temp256_m16_top0.v3_metrics.csv
256/03_f16_cross_tier/raw/case_logs/MC-F16-2TILE_compact256_repair_20260918_123846_m5_repeated_PROP_temp256_m16_top0.v3_metrics.csv,1,c3b544f1c4f7a8db353b6d5d7a8cefb39b8f30e8fa594f548d21b7b1d2c3500b,data/256/03_f16_cross_tier/raw/case_logs/MC-F16-2TILE_compact256_repair_20260918_123846_m5_repeated_PROP_temp256_m16_top0.v3_metrics.csv,c3b544f1c4f7a8db353b6d5d7a8cefb39b8f30e8fa594f548d21b7b1d2c3500b,selected_full_drain_case_csv,Copied only when the parent case is present in a paper_eligible acceptance CSV,DATE paper\experiments\curated\paper256\compact256_repair_20260918_123846\case_logs\MC-F16-2TILE_compact256_repair_20260918_123846_m5_repeated_PROP_temp256_m16_top0.v3_metrics.csv
256/03_f16_cross_tier/raw/case_results/sdf_MC-F16-2TILE_compact256_repair_20260918_123846_m20_native_PROP_temp256_m16_top0.csv,1,c639290444733320e3502603bb62f94d9c3a35d1fef909aa873d3da1449dbbbf,data/256/03_f16_cross_tier/raw/case_results/sdf_MC-F16-2TILE_compact256_repair_20260918_123846_m20_native_PROP_temp256_m16_top0.csv,c639290444733320e3502603bb62f94d9c3a35d1fef909aa873d3da1449dbbbf,selected_full_drain_case_csv,Copied only when the parent case is present in a paper_eligible acceptance CSV,DATE paper\experiments\curated\paper256\compact256_repair_20260918_123846\case_results\sdf_MC-F16-2TILE_compact256_repair_20260918_123846_m20_native_PROP_temp256_m16_top0.csv
256/03_f16_cross_tier/raw/case_results/sdf_MC-F16-2TILE_compact256_repair_20260918_123846_m20_repeated_PROP_temp256_m16_top0.csv,1,a8bb5281ce66660f278ea764f65a6e1fab22fe3dac907c44d2fcf76be3d7e46c,data/256/03_f16_cross_tier/raw/case_results/sdf_MC-F16-2TILE_compact256_repair_20260918_123846_m20_repeated_PROP_temp256_m16_top0.csv,a8bb5281ce66660f278ea764f65a6e1fab22fe3dac907c44d2fcf76be3d7e46c,selected_full_drain_case_csv,Copied only when the parent case is present in a paper_eligible acceptance CSV,DATE paper\experiments\curated\paper256\compact256_repair_20260918_123846\case_results\sdf_MC-F16-2TILE_compact256_repair_20260918_123846_m20_repeated_PROP_temp256_m16_top0.csv
256/03_f16_cross_tier/raw/case_results/sdf_MC-F16-2TILE_compact256_repair_20260918_123846_m5_native_PROP_temp256_m16_top0.csv,1,106a710c0c0b487972ad96d7c71a68ec4ef448c0da0c41d9d096cbd2f2b445f5,data/256/03_f16_cross_tier/raw/case_results/sdf_MC-F16-2TILE_compact256_repair_20260918_123846_m5_native_PROP_temp256_m16_top0.csv,106a710c0c0b487972ad96d7c71a68ec4ef448c0da0c41d9d096cbd2f2b445f5,selected_full_drain_case_csv,Copied only when the parent case is present in a paper_eligible acceptance CSV,DATE paper\experiments\curated\paper256\compact256_repair_20260918_123846\case_results\sdf_MC-F16-2TILE_compact256_repair_20260918_123846_m5_native_PROP_temp256_m16_top0.csv
256/03_f16_cross_tier/raw/case_results/sdf_MC-F16-2TILE_compact256_repair_20260918_123846_m5_repeated_PROP_temp256_m16_top0.csv,1,f7a43c84379827ab244620b97470323f1810704195bb61c286bd9f3bac3219f3,data/256/03_f16_cross_tier/raw/case_results/sdf_MC-F16-2TILE_compact256_repair_20260918_123846_m5_repeated_PROP_temp256_m16_top0.csv,f7a43c84379827ab244620b97470323f1810704195bb61c286bd9f3bac3219f3,selected_full_drain_case_csv,Copied only when the parent case is present in a paper_eligible acceptance CSV,DATE paper\experiments\curated\paper256\compact256_repair_20260918_123846\case_results\sdf_MC-F16-2TILE_compact256_repair_20260918_123846_m5_repeated_PROP_temp256_m16_top0.csv
256/03_f16_cross_tier/raw/events/MC-F16-2TILE_compact256_repair_20260918_123846_m20_native_PROP_temp256_m16_top0.events.csv,34000,1dde51a49cbc92254e6b2abd1ee414473338968d925d901eb210649f10d664c6,data/256/03_f16_cross_tier/raw/events/MC-F16-2TILE_compact256_repair_20260918_123846_m20_native_PROP_temp256_m16_top0.events.csv,1dde51a49cbc92254e6b2abd1ee414473338968d925d901eb210649f10d664c6,selected_full_drain_case_csv,Copied only when the parent case is present in a paper_eligible acceptance CSV,DATE paper\experiments\curated\paper256\compact256_repair_20260918_123846\events\MC-F16-2TILE_compact256_repair_20260918_123846_m20_native_PROP_temp256_m16_top0.events.csv
256/03_f16_cross_tier/raw/events/MC-F16-2TILE_compact256_repair_20260918_123846_m20_repeated_PROP_temp256_m16_top0.events.csv,64000,f76bfbab7fe30b3a62704a8459523a3c5ba16abcdea4f173ed10207f551c2f98,data/256/03_f16_cross_tier/raw/events/MC-F16-2TILE_compact256_repair_20260918_123846_m20_repeated_PROP_temp256_m16_top0.events.csv,f76bfbab7fe30b3a62704a8459523a3c5ba16abcdea4f173ed10207f551c2f98,selected_full_drain_case_csv,Copied only when the parent case is present in a paper_eligible acceptance CSV,DATE paper\experiments\curated\paper256\compact256_repair_20260918_123846\events\MC-F16-2TILE_compact256_repair_20260918_123846_m20_repeated_PROP_temp256_m16_top0.events.csv
256/03_f16_cross_tier/raw/events/MC-F16-2TILE_compact256_repair_20260918_123846_m5_native_PROP_temp256_m16_top0.events.csv,34000,be8342b1e2e375baf9176cf1b2b512cfda984e4c022a33b5bad3c4f1078cd9db,data/256/03_f16_cross_tier/raw/events/MC-F16-2TILE_compact256_repair_20260918_123846_m5_native_PROP_temp256_m16_top0.events.csv,be8342b1e2e375baf9176cf1b2b512cfda984e4c022a33b5bad3c4f1078cd9db,selected_full_drain_case_csv,Copied only when the parent case is present in a paper_eligible acceptance CSV,DATE paper\experiments\curated\paper256\compact256_repair_20260918_123846\events\MC-F16-2TILE_compact256_repair_20260918_123846_m5_native_PROP_temp256_m16_top0.events.csv
256/03_f16_cross_tier/raw/events/MC-F16-2TILE_compact256_repair_20260918_123846_m5_repeated_PROP_temp256_m16_top0.events.csv,64000,a3d6db2b4cd9ccbb8bd3850896f86036b99de490c4bb0b839a0928889b01b7f3,data/256/03_f16_cross_tier/raw/events/MC-F16-2TILE_compact256_repair_20260918_123846_m5_repeated_PROP_temp256_m16_top0.events.csv,a3d6db2b4cd9ccbb8bd3850896f86036b99de490c4bb0b839a0928889b01b7f3,selected_full_drain_case_csv,Copied only when the parent case is present in a paper_eligible acceptance CSV,DATE paper\experiments\curated\paper256\compact256_repair_20260918_123846\events\MC-F16-2TILE_compact256_repair_20260918_123846_m5_repeated_PROP_temp256_m16_top0.events.csv
256/03_f16_cross_tier/raw/flit_latency/MC-F16-2TILE_compact256_repair_20260918_123846_m20_native_PROP_temp256_m16_top0.flit_latency.csv,32000,d560fe292f37508ef0662f1a0cadcce2f696f51273a4a8fd6ce4c06703ba5727,data/256/03_f16_cross_tier/raw/flit_latency/MC-F16-2TILE_compact256_repair_20260918_123846_m20_native_PROP_temp256_m16_top0.flit_latency.csv,d560fe292f37508ef0662f1a0cadcce2f696f51273a4a8fd6ce4c06703ba5727,selected_full_drain_case_csv,Copied only when the parent case is present in a paper_eligible acceptance CSV,DATE paper\experiments\curated\paper256\compact256_repair_20260918_123846\flit_latency\MC-F16-2TILE_compact256_repair_20260918_123846_m20_native_PROP_temp256_m16_top0.flit_latency.csv
256/03_f16_cross_tier/raw/flit_latency/MC-F16-2TILE_compact256_repair_20260918_123846_m20_repeated_PROP_temp256_m16_top0.flit_latency.csv,32000,6a9eecb44e5de5e35e2d005287eec5ed64019c098451edc8efd08ec9f61e13a2,data/256/03_f16_cross_tier/raw/flit_latency/MC-F16-2TILE_compact256_repair_20260918_123846_m20_repeated_PROP_temp256_m16_top0.flit_latency.csv,6a9eecb44e5de5e35e2d005287eec5ed64019c098451edc8efd08ec9f61e13a2,selected_full_drain_case_csv,Copied only when the parent case is present in a paper_eligible acceptance CSV,DATE paper\experiments\curated\paper256\compact256_repair_20260918_123846\flit_latency\MC-F16-2TILE_compact256_repair_20260918_123846_m20_repeated_PROP_temp256_m16_top0.flit_latency.csv
256/03_f16_cross_tier/raw/flit_latency/MC-F16-2TILE_compact256_repair_20260918_123846_m5_native_PROP_temp256_m16_top0.flit_latency.csv,32000,9734cdc601b7134dc058d6cde029677560f18919e393d4af58ca4db78ee98d31,data/256/03_f16_cross_tier/raw/flit_latency/MC-F16-2TILE_compact256_repair_20260918_123846_m5_native_PROP_temp256_m16_top0.flit_latency.csv,9734cdc601b7134dc058d6cde029677560f18919e393d4af58ca4db78ee98d31,selected_full_drain_case_csv,Copied only when the parent case is present in a paper_eligible acceptance CSV,DATE paper\experiments\curated\paper256\compact256_repair_20260918_123846\flit_latency\MC-F16-2TILE_compact256_repair_20260918_123846_m5_native_PROP_temp256_m16_top0.flit_latency.csv
256/03_f16_cross_tier/raw/flit_latency/MC-F16-2TILE_compact256_repair_20260918_123846_m5_repeated_PROP_temp256_m16_top0.flit_latency.csv,32000,dfe8a5406106961692faf3d148b90e0549c59ac96ac1f6e79e3a78aa6cfc3925,data/256/03_f16_cross_tier/raw/flit_latency/MC-F16-2TILE_compact256_repair_20260918_123846_m5_repeated_PROP_temp256_m16_top0.flit_latency.csv,dfe8a5406106961692faf3d148b90e0549c59ac96ac1f6e79e3a78aa6cfc3925,selected_full_drain_case_csv,Copied only when the parent case is present in a paper_eligible acceptance CSV,DATE paper\experiments\curated\paper256\compact256_repair_20260918_123846\flit_latency\MC-F16-2TILE_compact256_repair_20260918_123846_m5_repeated_PROP_temp256_m16_top0.flit_latency.csv
256/03_f16_cross_tier/raw/latency/MC-F16-2TILE_compact256_repair_20260918_123846_m20_native_PROP_temp256_m16_top0.latency.csv,6400,216d48d78bbeb500534e924b4f63404aa72affcb171188907fce1d6913d4c8c7,data/256/03_f16_cross_tier/raw/latency/MC-F16-2TILE_compact256_repair_20260918_123846_m20_native_PROP_temp256_m16_top0.latency.csv,216d48d78bbeb500534e924b4f63404aa72affcb171188907fce1d6913d4c8c7,selected_full_drain_case_csv,Copied only when the parent case is present in a paper_eligible acceptance CSV,DATE paper\experiments\curated\paper256\compact256_repair_20260918_123846\latency\MC-F16-2TILE_compact256_repair_20260918_123846_m20_native_PROP_temp256_m16_top0.latency.csv
256/03_f16_cross_tier/raw/latency/MC-F16-2TILE_compact256_repair_20260918_123846_m20_repeated_PROP_temp256_m16_top0.latency.csv,6400,7009b6611b8af72cd08e6283e6affce7d0fe6b0780b7991585d146b25b7d1bb9,data/256/03_f16_cross_tier/raw/latency/MC-F16-2TILE_compact256_repair_20260918_123846_m20_repeated_PROP_temp256_m16_top0.latency.csv,7009b6611b8af72cd08e6283e6affce7d0fe6b0780b7991585d146b25b7d1bb9,selected_full_drain_case_csv,Copied only when the parent case is present in a paper_eligible acceptance CSV,DATE paper\experiments\curated\paper256\compact256_repair_20260918_123846\latency\MC-F16-2TILE_compact256_repair_20260918_123846_m20_repeated_PROP_temp256_m16_top0.latency.csv
256/03_f16_cross_tier/raw/latency/MC-F16-2TILE_compact256_repair_20260918_123846_m5_native_PROP_temp256_m16_top0.latency.csv,6400,5989595ab90cc33b64aedcb0f4a822f2c138e253d6c85726c88e11cf4d1a2919,data/256/03_f16_cross_tier/raw/latency/MC-F16-2TILE_compact256_repair_20260918_123846_m5_native_PROP_temp256_m16_top0.latency.csv,5989595ab90cc33b64aedcb0f4a822f2c138e253d6c85726c88e11cf4d1a2919,selected_full_drain_case_csv,Copied only when the parent case is present in a paper_eligible acceptance CSV,DATE paper\experiments\curated\paper256\compact256_repair_20260918_123846\latency\MC-F16-2TILE_compact256_repair_20260918_123846_m5_native_PROP_temp256_m16_top0.latency.csv
256/03_f16_cross_tier/raw/latency/MC-F16-2TILE_compact256_repair_20260918_123846_m5_repeated_PROP_temp256_m16_top0.latency.csv,6400,f5d473fc270abea0022f5a5285ef23d6f17a3887f1a86baced7db5065505d4d8,data/256/03_f16_cross_tier/raw/latency/MC-F16-2TILE_compact256_repair_20260918_123846_m5_repeated_PROP_temp256_m16_top0.latency.csv,f5d473fc270abea0022f5a5285ef23d6f17a3887f1a86baced7db5065505d4d8,selected_full_drain_case_csv,Copied only when the parent case is present in a paper_eligible acceptance CSV,DATE paper\experiments\curated\paper256\compact256_repair_20260918_123846\latency\MC-F16-2TILE_compact256_repair_20260918_123846_m5_repeated_PROP_temp256_m16_top0.latency.csv
64/01_ur/pre_saturation_latency_accepted.csv,44,23c643433b4bb8c89c7e257b950dbf419d08415bb8aad0aa808f015d65bda1af,,,paper_latency_eligible,accepted cohort + near_lossless + paper_latency_eligible,DATE paper\experiments\raw\paper64\cohort64_20260916_083441\ur_acceptance.csv
64/01_ur/throughput_all_accepted.csv,90,bc1122a9cd729fb03857978057234fc6d3aea2532854be0f2daa008aa0bff85e,,,accepted_throughput,"PASS, zero missing/unexpected/timeout, injected equals delivered; saturation remains throughput-only",DATE paper\experiments\raw\paper64\cohort64_20260916_083441\ur_acceptance.csv
64/02_benchmarks/bc_hotspot_all_accepted.csv,120,a87e66c171637d5ab3698512be64d1f99dca180af4e285ea3c401ca0f8ea4e00,,,accepted_full_drain,PASS + SDF + trace pairing + full drain + complete cohort,DATE paper\experiments\raw\paper64\cohort64_20260916_083441\bc_hotspot_acceptance.csv
64/03_static4/static4_paper_points.csv,3,2536c657017d5c4fcd5d0d50ff45d857f63e7fd4094ef5829fa09b105351d599,,,paper_points,"M5/M100/M420 only; PASS, paired trace, zero SDF errors, 55k/55k, full cohort, backlog=4",DATE paper\experiments\raw\paper64\compact64_20260916_193802\static_acceptance.csv
64/04_multicast/clean_fanout_400tx.csv,8,94d2113fdc79e4e218aa5cb32370f8dc2aa9a87d6cd3fbdf91f74b6ac88720cc,,,clean_full_drain,"F2/F16/F32; Native/Repeated paired; 400/400, backlog=0, SDF and full-drain PASS; censored excluded",DATE paper\experiments\raw\paper64\compact64_20260916_193802\multicast_acceptance.csv
64/05_ppa_power/network_power_async_accepted.csv,8,519cf8182cb13f60e4d266e77c855cb8cf9b673f78dfd752205a117fc1248193,,,async_ptpx_accepted,"pass=true, nonzero total power, and nonzero flit or multicast-delivery denominator",DATE paper\experiments\raw\paper64\compact64_20260916_193802\network_power_acceptance.csv
64/05_ppa_power/table64_i_network.csv,5,7d504e13c7f01dafb6559043c74cae8c6a7ac533f68a1f73c9d6a9504ff49344,,,paper_table,Latest final compact64 table; Sync row carries pre-CTS clock caveat,DATE paper\experiments\raw\paper64\compact64_20260916_193802\table64-i-network.csv
64/06_router/router_lane_scaling.csv,3,4e4f1f24a93ecd0e93e497ccc0cc0480ad6ac1e50f8202d2af8350c7d050796a,,,accepted_async_only,Async c1p1/c1p2/c1p4 MAXIMUM-SDF aggregates; failed Sync aggregate row excluded,DATE paper\experiments\raw\paper64\compact64_20260916_193802\table64-ii-router.csv
64/07_sync_b8/power_accepted.csv,2,35eded2d81f270d6eacf867707553c5b8c474bf6deea8888aca9ce18b2092c79,,,post_synthesis_pre_cts_ptpx,PT-PX pass with nonzero report/denominator; pre-CTS explicitly caveated,DATE paper\experiments\raw\paper64\compact64_20260916_193802\sync64_power_acceptance.csv
64/07_sync_b8/ur_all_full_drain.csv,30,4f6bc545da740fda310073e6a6218b9be87062f9898778c6d6ad6b110a003918,,,full_drain,30/30 full drain; 10k packets/50k cohort flits; 55k/55k,DATE paper\experiments\raw\paper64\compact64_20260916_193802\sync64_ur_acceptance.csv
64/07_sync_b8/ur_pre_saturation_latency.csv,19,77efef5d12dfa16d9979d0b4bc12cb929b17a8cd7a721ac450d8d0f71f769686,,,latency_eligible,full-drain points + near_lossless + paper_latency_eligible,DATE paper\experiments\raw\paper64\compact64_20260916_193802\sync64_ur_acceptance.csv
excluded_cases.csv,78,f6556a15af0c276b8786117664513ef880f1599726fc21aba90eab4bfd47630c,,,validated audit input,copied from validated bundle,
