design,load,delivered_throughput,avg_packet_latency_ns,p95_latency_ns,pass_fail,near_lossless,case
PROP_temp256,5,0.841522,11.260089,17.145,PASS,True,sdf_TOPO-UR_n256_s202701_m5_PROP_temp256_top0.csv
PROP_temp256,20,3.005077,21.313844,55.995,PASS,True,sdf_TOPO-UR_n256_s202701_m20_PROP_temp256_top0.csv
PROP_temp256,40,5.275053,37.154955,109.388,PASS,True,sdf_TOPO-UR_n256_s202701_m40_PROP_temp256_top0.csv
PROP_temp256,50,7.174134,45.013545,144.149,FAIL,False,sdf_TOPO-UR_n256_s202701_m50_PROP_temp256_top0.csv
PROP_temp256,60,8.107248,52.060597,169.55,FAIL,False,sdf_TOPO-UR_n256_s202701_m60_PROP_temp256_top0.csv
PROP_temp256,70,8.508277,56.315434,173.061,FAIL,False,sdf_TOPO-UR_n256_s202701_m70_PROP_temp256_top0.csv
PROP_temp256,80,9.966685,62.227279,206.767,FAIL,False,sdf_TOPO-UR_n256_s202701_m80_PROP_temp256_top0.csv
PROP_temp256,90,11.074394,65.230167,212.381,FAIL,False,sdf_TOPO-UR_n256_s202701_m90_PROP_temp256_top0.csv
PROP_temp256,100,12.439698,71.380958,225.9,FAIL,False,sdf_TOPO-UR_n256_s202701_m100_PROP_temp256_top0.csv
PROP_temp256,110,13.611318,72.154458,227.114,FAIL,False,sdf_TOPO-UR_n256_s202701_m110_PROP_temp256_top0.csv
PROP_temp256,120,11.019846,76.505864,237.847,FAIL,False,sdf_TOPO-UR_n256_s202701_m120_PROP_temp256_top0.csv
PROP_temp256,140,15.890435,79.67687,249.819,FAIL,False,sdf_TOPO-UR_n256_s202701_m140_PROP_temp256_top0.csv
PROP_temp256,160,16.534239,84.132953,258.189,FAIL,False,sdf_TOPO-UR_n256_s202701_m160_PROP_temp256_top0.csv
PROP_temp256,180,16.540729,86.255603,263.995,FAIL,False,sdf_TOPO-UR_n256_s202701_m180_PROP_temp256_top0.csv
PROP_temp256,200,17.052045,88.010853,266.745,FAIL,False,sdf_TOPO-UR_n256_s202701_m200_PROP_temp256_top0.csv
PROP_temp256,240,17.176587,90.698001,278.339,PASS,False,sdf_TOPO-UR_n256_s202701_m240_PROP_temp256_top0.csv
PROP_temp256,280,17.011715,93.24473,279.499,FAIL,False,sdf_TOPO-UR_n256_s202701_m280_PROP_temp256_top0.csv
PROP_temp256,320,17.212086,92.11989,290.791,FAIL,False,sdf_TOPO-UR_n256_s202701_m320_PROP_temp256_top0.csv
PROP_temp256,400,17.323565,93.990136,293.303,FAIL,False,sdf_TOPO-UR_n256_s202701_m400_PROP_temp256_top0.csv
PROP_temp256,600,17.522075,95.489248,292.648,FAIL,False,sdf_TOPO-UR_n256_s202701_m600_PROP_temp256_top0.csv
PFAT_temp256,5,0.841526,13.874355,20.714,PASS,True,sdf_TOPO-UR_n256_s202701_m5_PFAT_temp256_top0.csv
PFAT_temp256,20,3.004569,18.080968,36.926,PASS,True,sdf_TOPO-UR_n256_s202701_m20_PFAT_temp256_top0.csv
PFAT_temp256,40,5.273458,24.180096,54.791,PASS,True,sdf_TOPO-UR_n256_s202701_m40_PFAT_temp256_top0.csv
PFAT_temp256,50,7.164704,29.877064,69.538,PASS,True,sdf_TOPO-UR_n256_s202701_m50_PFAT_temp256_top0.csv
PFAT_temp256,60,8.100615,75.825055,184.808,PASS,False,sdf_TOPO-UR_n256_s202701_m60_PFAT_temp256_top0.csv
PFAT_temp256,70,8.50855,121.300965,246.269,FAIL,False,sdf_TOPO-UR_n256_s202701_m70_PFAT_temp256_top0.csv
PFAT_temp256,80,9.950485,133.395438,257.37,PASS,False,sdf_TOPO-UR_n256_s202701_m80_PFAT_temp256_top0.csv
PFAT_temp256,90,10.827501,138.119955,256.762,PASS,False,sdf_TOPO-UR_n256_s202701_m90_PFAT_temp256_top0.csv
PFAT_temp256,100,10.79952,139.864441,263.35,PASS,False,sdf_TOPO-UR_n256_s202701_m100_PFAT_temp256_top0.csv
PFAT_temp256,110,10.780904,140.81565,262.924,PASS,False,sdf_TOPO-UR_n256_s202701_m110_PFAT_temp256_top0.csv
PFAT_temp256,120,10.816785,141.2277,258.609,PASS,False,sdf_TOPO-UR_n256_s202701_m120_PFAT_temp256_top0.csv
PFAT_temp256,140,10.644887,144.300685,264.727,PASS,False,sdf_TOPO-UR_n256_s202701_m140_PFAT_temp256_top0.csv
PFAT_temp256,160,10.731515,145.224608,266.811,PASS,False,sdf_TOPO-UR_n256_s202701_m160_PFAT_temp256_top0.csv
PFAT_temp256,180,10.804501,143.681863,262.131,PASS,False,sdf_TOPO-UR_n256_s202701_m180_PFAT_temp256_top0.csv
PFAT_temp256,200,10.792321,145.708175,264.221,PASS,False,sdf_TOPO-UR_n256_s202701_m200_PFAT_temp256_top0.csv
PFAT_temp256,240,10.904934,144.464936,263.812,FAIL,False,sdf_TOPO-UR_n256_s202701_m240_PFAT_temp256_top0.csv
PFAT_temp256,280,10.765036,146.176253,262.918,PASS,False,sdf_TOPO-UR_n256_s202701_m280_PFAT_temp256_top0.csv
PFAT_temp256,320,10.781895,147.990014,268.702,PASS,False,sdf_TOPO-UR_n256_s202701_m320_PFAT_temp256_top0.csv
PFAT_temp256,400,10.758533,146.519963,265.637,PASS,False,sdf_TOPO-UR_n256_s202701_m400_PFAT_temp256_top0.csv
PFAT_temp256,600,10.663349,146.958311,268.114,FAIL,False,sdf_TOPO-UR_n256_s202701_m600_PFAT_temp256_top0.csv
FM256,5,0.841527,13.509626,22.259,PASS,True,sdf_TOPO-UR_n256_s202701_m5_FM256_top0.csv
FM256,20,3.005214,13.920583,23.108,PASS,True,sdf_TOPO-UR_n256_s202701_m20_FM256_top0.csv
FM256,40,5.273813,14.599392,24.737,PASS,True,sdf_TOPO-UR_n256_s202701_m40_FM256_top0.csv
FM256,50,7.161746,15.03303,25.799,PASS,True,sdf_TOPO-UR_n256_s202701_m50_FM256_top0.csv
FM256,60,8.094588,15.495746,27.008,PASS,True,sdf_TOPO-UR_n256_s202701_m60_FM256_top0.csv
FM256,70,8.495653,16.176442,29.115,PASS,True,sdf_TOPO-UR_n256_s202701_m70_FM256_top0.csv
FM256,80,9.94792,16.808714,31.251,PASS,True,sdf_TOPO-UR_n256_s202701_m80_FM256_top0.csv
FM256,90,11.063137,17.599416,33.143,PASS,True,sdf_TOPO-UR_n256_s202701_m90_FM256_top0.csv
FM256,100,12.420326,19.444868,39.519,PASS,True,sdf_TOPO-UR_n256_s202701_m100_FM256_top0.csv
FM256,110,13.568267,20.880508,44.391,PASS,True,sdf_TOPO-UR_n256_s202701_m110_FM256_top0.csv
FM256,120,10.998542,28.076173,74.542,PASS,True,sdf_TOPO-UR_n256_s202701_m120_FM256_top0.csv
FM256,140,15.875201,41.171121,121.531,PASS,True,sdf_TOPO-UR_n256_s202701_m140_FM256_top0.csv
FM256,160,17.031655,51.859094,161.167,PASS,True,sdf_TOPO-UR_n256_s202701_m160_FM256_top0.csv
FM256,180,18.030239,55.820003,184.403,PASS,True,sdf_TOPO-UR_n256_s202701_m180_FM256_top0.csv
FM256,200,18.696907,57.11264,183.741,PASS,True,sdf_TOPO-UR_n256_s202701_m200_FM256_top0.csv
FM256,240,17.985664,60.412034,202.631,PASS,True,sdf_TOPO-UR_n256_s202701_m240_FM256_top0.csv
FM256,280,17.783532,60.814712,204.275,PASS,True,sdf_TOPO-UR_n256_s202701_m280_FM256_top0.csv
FM256,320,18.241699,61.028346,199.678,PASS,True,sdf_TOPO-UR_n256_s202701_m320_FM256_top0.csv
FM256,400,18.359502,61.450537,208.185,PASS,True,sdf_TOPO-UR_n256_s202701_m400_FM256_top0.csv
FM256,600,18.352879,61.165119,199.546,PASS,True,sdf_TOPO-UR_n256_s202701_m600_FM256_top0.csv
