nodes,traffic,paper_label,load_m,offered_mflit_s_per_port,delivered_mflit_s_per_port,mean_latency_ns,latency_eligible,source_file,source_design,source_case,source_run_id,latency_source_file,latency_source_design,latency_source_case,latency_source_run_id
64,UR,Mesh,5,3.672047,3.67168,7.350447120000001,True,64/01_ur/throughput_all_accepted.csv,FM64,TOPO-UR_n64_s202701_m5_FM64_top0,20260913_104506_cmr_fm64_rpsdel150,64/01_ur/pre_saturation_latency_accepted.csv,FM64,TOPO-UR_n64_s202701_m5_FM64_top0,20260913_104506_cmr_fm64_rpsdel150
64,UR,Mesh,10,6.823978,6.823296,7.42143558,True,64/01_ur/throughput_all_accepted.csv,FM64,TOPO-UR_n64_s202701_m10_FM64_top0,20260913_104506_cmr_fm64_rpsdel150,64/01_ur/pre_saturation_latency_accepted.csv,FM64,TOPO-UR_n64_s202701_m10_FM64_top0,20260913_104506_cmr_fm64_rpsdel150
64,UR,Mesh,20,14.846452,14.844967,7.5680283600000005,True,64/01_ur/throughput_all_accepted.csv,FM64,TOPO-UR_n64_s202701_m20_FM64_top0,20260913_104506_cmr_fm64_rpsdel150,64/01_ur/pre_saturation_latency_accepted.csv,FM64,TOPO-UR_n64_s202701_m20_FM64_top0,20260913_104506_cmr_fm64_rpsdel150
64,UR,Mesh,40,31.804674,31.801493,7.90036076,True,64/01_ur/throughput_all_accepted.csv,FM64,TOPO-UR_n64_s202701_m40_FM64_top0,20260913_104506_cmr_fm64_rpsdel150,64/01_ur/pre_saturation_latency_accepted.csv,FM64,TOPO-UR_n64_s202701_m40_FM64_top0,20260913_104506_cmr_fm64_rpsdel150
64,UR,Mesh,60,44.740007,44.735533,8.25683874,True,64/01_ur/throughput_all_accepted.csv,FM64,TOPO-UR_n64_s202701_m60_FM64_top0,20260913_104506_cmr_fm64_rpsdel150,64/01_ur/pre_saturation_latency_accepted.csv,FM64,TOPO-UR_n64_s202701_m60_FM64_top0,20260913_104506_cmr_fm64_rpsdel150
64,UR,Mesh,80,58.398116,58.392276,8.6522545,True,64/01_ur/throughput_all_accepted.csv,FM64,TOPO-UR_n64_s202701_m80_FM64_top0,20260913_104506_cmr_fm64_rpsdel150,64/01_ur/pre_saturation_latency_accepted.csv,FM64,TOPO-UR_n64_s202701_m80_FM64_top0,20260913_104506_cmr_fm64_rpsdel150
64,UR,Mesh,100,75.731873,75.7243,9.1595587,True,64/01_ur/throughput_all_accepted.csv,FM64,TOPO-UR_n64_s202701_m100_FM64_top0,20260913_104506_cmr_fm64_rpsdel150,64/01_ur/pre_saturation_latency_accepted.csv,FM64,TOPO-UR_n64_s202701_m100_FM64_top0,20260913_104506_cmr_fm64_rpsdel150
64,UR,Mesh,120,86.892448,86.883759,9.825016040000001,True,64/01_ur/throughput_all_accepted.csv,FM64,TOPO-UR_n64_s202701_m120_FM64_top0,20260913_104506_cmr_fm64_rpsdel150,64/01_ur/pre_saturation_latency_accepted.csv,FM64,TOPO-UR_n64_s202701_m120_FM64_top0,20260913_104506_cmr_fm64_rpsdel150
64,UR,Mesh,140,102.660972,102.650706,10.5284318,True,64/01_ur/throughput_all_accepted.csv,FM64,TOPO-UR_n64_s202701_m140_FM64_top0,20260913_104506_cmr_fm64_rpsdel150,64/01_ur/pre_saturation_latency_accepted.csv,FM64,TOPO-UR_n64_s202701_m140_FM64_top0,20260913_104506_cmr_fm64_rpsdel150
64,UR,Mesh,160,127.03252,127.019817,11.88906414,True,64/01_ur/throughput_all_accepted.csv,FM64,TOPO-UR_n64_s202701_m160_FM64_top0,20260913_104506_cmr_fm64_rpsdel150,64/01_ur/pre_saturation_latency_accepted.csv,FM64,TOPO-UR_n64_s202701_m160_FM64_top0,20260913_104506_cmr_fm64_rpsdel150
64,UR,Mesh,180,144.568838,144.554381,12.98759746,True,64/01_ur/throughput_all_accepted.csv,FM64,TOPO-UR_n64_s202701_m180_FM64_top0,20260913_104506_cmr_fm64_rpsdel150,64/01_ur/pre_saturation_latency_accepted.csv,FM64,TOPO-UR_n64_s202701_m180_FM64_top0,20260913_104506_cmr_fm64_rpsdel150
64,UR,Mesh,200,153.607943,153.555717,15.024817180000001,True,64/01_ur/throughput_all_accepted.csv,FM64,TOPO-UR_n64_s202701_m200_FM64_top0,20260913_104506_cmr_fm64_rpsdel150,64/01_ur/pre_saturation_latency_accepted.csv,FM64,TOPO-UR_n64_s202701_m200_FM64_top0,20260913_104506_cmr_fm64_rpsdel150
64,UR,Mesh,220,168.518119,168.484415,,False,64/01_ur/throughput_all_accepted.csv,FM64,TOPO-UR_n64_s202701_m220_FM64_top0,20260913_104506_cmr_fm64_rpsdel150,,,,
64,UR,Mesh,240,177.315025,177.297293,32.693829380000004,True,64/01_ur/throughput_all_accepted.csv,FM64,TOPO-UR_n64_s202701_m240_FM64_top0,20260913_104506_cmr_fm64_rpsdel150,64/01_ur/pre_saturation_latency_accepted.csv,FM64,TOPO-UR_n64_s202701_m240_FM64_top0,20260913_104506_cmr_fm64_rpsdel150
64,UR,Mesh,260,204.141625,204.121211,86.79779212,True,64/01_ur/throughput_all_accepted.csv,FM64,TOPO-UR_n64_s202701_m260_FM64_top0,20260913_104506_cmr_fm64_rpsdel150,64/01_ur/pre_saturation_latency_accepted.csv,FM64,TOPO-UR_n64_s202701_m260_FM64_top0,20260913_104506_cmr_fm64_rpsdel150
64,UR,Mesh,280,199.247641,199.227716,203.82376574,True,64/01_ur/throughput_all_accepted.csv,FM64,TOPO-UR_n64_s202701_m280_FM64_top0,20260913_104506_cmr_fm64_rpsdel150,64/01_ur/pre_saturation_latency_accepted.csv,FM64,TOPO-UR_n64_s202701_m280_FM64_top0,20260913_104506_cmr_fm64_rpsdel150
64,UR,Mesh,300,226.383657,222.376666,,False,64/01_ur/throughput_all_accepted.csv,FM64,TOPO-UR_n64_s202701_m300_FM64_top0,20260913_104506_cmr_fm64_rpsdel150,,,,
64,UR,Mesh,320,236.384266,228.578858,,False,64/01_ur/throughput_all_accepted.csv,FM64,TOPO-UR_n64_s202701_m320_FM64_top0,20260913_104506_cmr_fm64_rpsdel150,,,,
64,UR,Mesh,340,230.729474,225.524217,,False,64/01_ur/throughput_all_accepted.csv,FM64,TOPO-UR_n64_s202701_m340_FM64_top0,20260913_104506_cmr_fm64_rpsdel150,,,,
64,UR,Mesh,360,266.729259,239.00542,,False,64/01_ur/throughput_all_accepted.csv,FM64,TOPO-UR_n64_s202701_m360_FM64_top0,20260913_104506_cmr_fm64_rpsdel150,,,,
64,UR,Mesh,380,276.646601,234.087288,,False,64/01_ur/throughput_all_accepted.csv,FM64,TOPO-UR_n64_s202701_m380_FM64_top0,20260913_104506_cmr_fm64_rpsdel150,,,,
64,UR,Mesh,400,289.030707,230.866167,,False,64/01_ur/throughput_all_accepted.csv,FM64,TOPO-UR_n64_s202701_m400_FM64_top0,20260913_104506_cmr_fm64_rpsdel150,,,,
64,UR,Mesh,420,302.224371,230.699952,,False,64/01_ur/throughput_all_accepted.csv,FM64,TOPO-UR_n64_s202701_m420_FM64_top0,20260913_104506_cmr_fm64_rpsdel150,,,,
64,UR,Mesh,440,346.298759,230.33023,,False,64/01_ur/throughput_all_accepted.csv,FM64,TOPO-UR_n64_s202701_m440_FM64_top0,20260913_104506_cmr_fm64_rpsdel150,,,,
64,UR,Mesh,460,335.012864,229.993032,,False,64/01_ur/throughput_all_accepted.csv,FM64,TOPO-UR_n64_s202701_m460_FM64_top0,20260913_104506_cmr_fm64_rpsdel150,,,,
64,UR,Mesh,480,350.650808,230.503815,,False,64/01_ur/throughput_all_accepted.csv,FM64,TOPO-UR_n64_s202701_m480_FM64_top0,20260913_104506_cmr_fm64_rpsdel150,,,,
64,UR,Mesh,500,369.910038,229.137074,,False,64/01_ur/throughput_all_accepted.csv,FM64,TOPO-UR_n64_s202701_m500_FM64_top0,20260913_104506_cmr_fm64_rpsdel150,,,,
64,UR,Mesh,600,422.983216,222.27768,,False,64/01_ur/throughput_all_accepted.csv,FM64,TOPO-UR_n64_s202701_m600_FM64_top0,20260913_104506_cmr_fm64_rpsdel150,,,,
64,UR,Mesh,700,547.477225,212.760599,,False,64/01_ur/throughput_all_accepted.csv,FM64,TOPO-UR_n64_s202701_m700_FM64_top0,20260913_104506_cmr_fm64_rpsdel150,,,,
64,UR,Mesh,800,604.215004,204.538863,,False,64/01_ur/throughput_all_accepted.csv,FM64,TOPO-UR_n64_s202701_m800_FM64_top0,20260913_104506_cmr_fm64_rpsdel150,,,,
64,UR,PROP,5,3.672047,3.67168,6.20785034,True,64/01_ur/throughput_all_accepted.csv,PROP_temp64,TOPO-UR_n64_s202701_m5_PROP_temp64_top16,20260913_prop_temp64_asap_uc_m5_200,64/01_ur/pre_saturation_latency_accepted.csv,PROP_temp64,TOPO-UR_n64_s202701_m5_PROP_temp64_top16,20260913_prop_temp64_asap_uc_m5_200
64,UR,PROP,10,6.823978,6.823296,6.3815734,True,64/01_ur/throughput_all_accepted.csv,PROP_temp64,TOPO-UR_n64_s202701_m10_PROP_temp64_top16,20260913_prop_temp64_asap_uc_m5_200,64/01_ur/pre_saturation_latency_accepted.csv,PROP_temp64,TOPO-UR_n64_s202701_m10_PROP_temp64_top16,20260913_prop_temp64_asap_uc_m5_200
64,UR,PROP,20,14.846452,14.844967,6.733243880000001,True,64/01_ur/throughput_all_accepted.csv,PROP_temp64,TOPO-UR_n64_s202701_m20_PROP_temp64_top16,20260913_prop_temp64_asap_uc_m5_200,64/01_ur/pre_saturation_latency_accepted.csv,PROP_temp64,TOPO-UR_n64_s202701_m20_PROP_temp64_top16,20260913_prop_temp64_asap_uc_m5_200
64,UR,PROP,40,31.804674,31.801493,7.53988998,True,64/01_ur/throughput_all_accepted.csv,PROP_temp64,TOPO-UR_n64_s202701_m40_PROP_temp64_top16,20260913_prop_temp64_asap_uc_m5_200,64/01_ur/pre_saturation_latency_accepted.csv,PROP_temp64,TOPO-UR_n64_s202701_m40_PROP_temp64_top16,20260913_prop_temp64_asap_uc_m5_200
64,UR,PROP,60,44.740007,44.735533,8.3609451,True,64/01_ur/throughput_all_accepted.csv,PROP_temp64,TOPO-UR_n64_s202701_m60_PROP_temp64_top16,20260913_prop_temp64_asap_uc_m5_200,64/01_ur/pre_saturation_latency_accepted.csv,PROP_temp64,TOPO-UR_n64_s202701_m60_PROP_temp64_top16,20260913_prop_temp64_asap_uc_m5_200
64,UR,PROP,80,58.398116,58.392276,9.24290126,True,64/01_ur/throughput_all_accepted.csv,PROP_temp64,TOPO-UR_n64_s202701_m80_PROP_temp64_top16,20260913_prop_temp64_asap_uc_m5_200,64/01_ur/pre_saturation_latency_accepted.csv,PROP_temp64,TOPO-UR_n64_s202701_m80_PROP_temp64_top16,20260913_prop_temp64_asap_uc_m5_200
64,UR,PROP,100,75.731873,75.7243,10.32558428,True,64/01_ur/throughput_all_accepted.csv,PROP_temp64,TOPO-UR_n64_s202701_m100_PROP_temp64_top16,20260913_prop_temp64_asap_uc_m5_200,64/01_ur/pre_saturation_latency_accepted.csv,PROP_temp64,TOPO-UR_n64_s202701_m100_PROP_temp64_top16,20260913_prop_temp64_asap_uc_m5_200
64,UR,PROP,120,86.892448,86.883759,11.34338514,True,64/01_ur/throughput_all_accepted.csv,PROP_temp64,TOPO-UR_n64_s202701_m120_PROP_temp64_top16,20260913_prop_temp64_asap_uc_m5_200,64/01_ur/pre_saturation_latency_accepted.csv,PROP_temp64,TOPO-UR_n64_s202701_m120_PROP_temp64_top16,20260913_prop_temp64_asap_uc_m5_200
64,UR,PROP,140,102.660972,102.650706,12.033034879999999,True,64/01_ur/throughput_all_accepted.csv,PROP_temp64,TOPO-UR_n64_s202701_m140_PROP_temp64_top16,20260913_prop_temp64_asap_uc_m5_200,64/01_ur/pre_saturation_latency_accepted.csv,PROP_temp64,TOPO-UR_n64_s202701_m140_PROP_temp64_top16,20260913_prop_temp64_asap_uc_m5_200
64,UR,PROP,160,127.03252,127.019817,14.097142439999999,True,64/01_ur/throughput_all_accepted.csv,PROP_temp64,TOPO-UR_n64_s202701_m160_PROP_temp64_top16,20260913_prop_temp64_asap_uc_m5_200,64/01_ur/pre_saturation_latency_accepted.csv,PROP_temp64,TOPO-UR_n64_s202701_m160_PROP_temp64_top16,20260913_prop_temp64_asap_uc_m5_200
64,UR,PROP,180,144.568838,144.554381,14.76297528,True,64/01_ur/throughput_all_accepted.csv,PROP_temp64,TOPO-UR_n64_s202701_m180_PROP_temp64_top16,20260913_prop_temp64_asap_uc_m5_200,64/01_ur/pre_saturation_latency_accepted.csv,PROP_temp64,TOPO-UR_n64_s202701_m180_PROP_temp64_top16,20260913_prop_temp64_asap_uc_m5_200
64,UR,PROP,200,153.607943,153.558789,,False,64/01_ur/throughput_all_accepted.csv,PROP_temp64,TOPO-UR_n64_s202701_m200_PROP_temp64_top16,20260913_prop_temp64_asap_uc_m5_200,,,,
64,UR,PROP,220,168.518119,168.484415,,False,64/01_ur/throughput_all_accepted.csv,PROP_temp64,TOPO-UR_n64_s202701_m220_PROP_temp64_top16,20260913_prop_temp64_asap_uc_m5_200,,,,
64,UR,PROP,240,177.315025,177.297293,20.43886222,True,64/01_ur/throughput_all_accepted.csv,PROP_temp64,TOPO-UR_n64_s202701_m240_PROP_temp64_top16,20260913_prop_temp64_asap_uc_m5_200,64/01_ur/pre_saturation_latency_accepted.csv,PROP_temp64,TOPO-UR_n64_s202701_m240_PROP_temp64_top16,20260913_prop_temp64_asap_uc_m5_200
64,UR,PROP,260,204.141625,204.121211,21.797584160000003,True,64/01_ur/throughput_all_accepted.csv,PROP_temp64,TOPO-UR_n64_s202701_m260_PROP_temp64_top16,20260913_prop_temp64_asap_uc_m5_200,64/01_ur/pre_saturation_latency_accepted.csv,PROP_temp64,TOPO-UR_n64_s202701_m260_PROP_temp64_top16,20260913_prop_temp64_asap_uc_m5_200
64,UR,PROP,280,199.247641,199.227716,24.905922200000003,True,64/01_ur/throughput_all_accepted.csv,PROP_temp64,TOPO-UR_n64_s202701_m280_PROP_temp64_top16,20260913_prop_temp64_asap_uc_m5_200,64/01_ur/pre_saturation_latency_accepted.csv,PROP_temp64,TOPO-UR_n64_s202701_m280_PROP_temp64_top16,20260913_prop_temp64_asap_uc_m5_200
64,UR,PROP,300,226.383657,226.361019,28.377622480000003,True,64/01_ur/throughput_all_accepted.csv,PROP_temp64,TOPO-UR_n64_s202701_m300_PROP_temp64_top16,20260913_prop_temp64_asap_uc_m5_200,64/01_ur/pre_saturation_latency_accepted.csv,PROP_temp64,TOPO-UR_n64_s202701_m300_PROP_temp64_top16,20260913_prop_temp64_asap_uc_m5_200
64,UR,PROP,320,236.384266,236.360628,33.72061274,True,64/01_ur/throughput_all_accepted.csv,PROP_temp64,TOPO-UR_n64_s202701_m320_PROP_temp64_top16,20260913_prop_temp64_asap_uc_m5_200,64/01_ur/pre_saturation_latency_accepted.csv,PROP_temp64,TOPO-UR_n64_s202701_m320_PROP_temp64_top16,20260913_prop_temp64_asap_uc_m5_200
64,UR,PROP,340,230.729474,230.706401,38.717402119999996,True,64/01_ur/throughput_all_accepted.csv,PROP_temp64,TOPO-UR_n64_s202701_m340_PROP_temp64_top16,20260913_prop_temp64_asap_uc_m5_200,64/01_ur/pre_saturation_latency_accepted.csv,PROP_temp64,TOPO-UR_n64_s202701_m340_PROP_temp64_top16,20260913_prop_temp64_asap_uc_m5_200
64,UR,PROP,360,266.729259,266.702586,54.09876902,True,64/01_ur/throughput_all_accepted.csv,PROP_temp64,TOPO-UR_n64_s202701_m360_PROP_temp64_top16,20260913_prop_temp64_asap_uc_m5_200,64/01_ur/pre_saturation_latency_accepted.csv,PROP_temp64,TOPO-UR_n64_s202701_m360_PROP_temp64_top16,20260913_prop_temp64_asap_uc_m5_200
64,UR,PROP,380,276.646601,276.591271,,False,64/01_ur/throughput_all_accepted.csv,PROP_temp64,TOPO-UR_n64_s202701_m380_PROP_temp64_top16,20260913_prop_temp64_asap_uc_m5_200,,,,
64,UR,PROP,400,289.030707,288.926656,,False,64/01_ur/throughput_all_accepted.csv,PROP_temp64,TOPO-UR_n64_s202701_m400_PROP_temp64_top16,20260913_prop_temp64_asap_uc_m5_200,,,,
64,UR,PROP,420,302.224371,302.194149,95.06044551999999,True,64/01_ur/throughput_all_accepted.csv,PROP_temp64,TOPO-UR_n64_s202701_m420_PROP_temp64_top16,20260913_prop_temp64_asap_uc_m5_200,64/01_ur/pre_saturation_latency_accepted.csv,PROP_temp64,TOPO-UR_n64_s202701_m420_PROP_temp64_top16,20260913_prop_temp64_asap_uc_m5_200
64,UR,PROP,440,346.298759,345.474568,,False,64/01_ur/throughput_all_accepted.csv,PROP_temp64,TOPO-UR_n64_s202701_m440_PROP_temp64_top16,20260913_prop_temp64_asap_uc_m5_200,,,,
64,UR,PROP,460,335.012864,334.490244,,False,64/01_ur/throughput_all_accepted.csv,PROP_temp64,TOPO-UR_n64_s202701_m460_PROP_temp64_top16,20260913_prop_temp64_asap_uc_m5_200,,,,
64,UR,PROP,480,350.650808,348.974697,,False,64/01_ur/throughput_all_accepted.csv,PROP_temp64,TOPO-UR_n64_s202701_m480_PROP_temp64_top16,20260913_prop_temp64_asap_uc_m5_200,,,,
64,UR,PROP,500,369.910038,362.844756,,False,64/01_ur/throughput_all_accepted.csv,PROP_temp64,TOPO-UR_n64_s202701_m500_PROP_temp64_top16,20260913_prop_temp64_asap_uc_m5_200,,,,
64,UR,PROP,600,422.983216,379.195994,,False,64/01_ur/throughput_all_accepted.csv,PROP_temp64,TOPO-UR_n64_s202701_m600_PROP_temp64_top16,20260913_prop_temp64_asap_uc_m5_200,,,,
64,UR,PROP,700,547.477225,370.532586,,False,64/01_ur/throughput_all_accepted.csv,PROP_temp64,TOPO-UR_n64_s202701_m700_PROP_temp64_top16,20260913_prop_temp64_asap_uc_m5_200,,,,
64,UR,PROP,800,604.215004,355.858469,,False,64/01_ur/throughput_all_accepted.csv,PROP_temp64,TOPO-UR_n64_s202701_m800_PROP_temp64_top16,20260913_prop_temp64_asap_uc_m5_200,,,,
64,UR,FAT,5,3.672047,3.67168,7.4423941000000005,True,64/01_ur/throughput_all_accepted.csv,PFAT64,TOPO-UR_n64_s202701_m5_PFAT64_top8,20260912_195012_cmr_pfat64_rpsdel050_1248,64/01_ur/pre_saturation_latency_accepted.csv,PFAT64,TOPO-UR_n64_s202701_m5_PFAT64_top8,20260912_195012_cmr_pfat64_rpsdel050_1248
64,UR,FAT,10,6.823978,6.823296,7.569519939999999,True,64/01_ur/throughput_all_accepted.csv,PFAT64,TOPO-UR_n64_s202701_m10_PFAT64_top8,20260912_195012_cmr_pfat64_rpsdel050_1248,64/01_ur/pre_saturation_latency_accepted.csv,PFAT64,TOPO-UR_n64_s202701_m10_PFAT64_top8,20260912_195012_cmr_pfat64_rpsdel050_1248
64,UR,FAT,20,14.846452,14.844967,7.83764884,True,64/01_ur/throughput_all_accepted.csv,PFAT64,TOPO-UR_n64_s202701_m20_PFAT64_top8,20260912_195012_cmr_pfat64_rpsdel050_1248,64/01_ur/pre_saturation_latency_accepted.csv,PFAT64,TOPO-UR_n64_s202701_m20_PFAT64_top8,20260912_195012_cmr_pfat64_rpsdel050_1248
64,UR,FAT,40,31.804674,31.801493,8.55925308,True,64/01_ur/throughput_all_accepted.csv,PFAT64,TOPO-UR_n64_s202701_m40_PFAT64_top8,20260912_195012_cmr_pfat64_rpsdel050_1248,64/01_ur/pre_saturation_latency_accepted.csv,PFAT64,TOPO-UR_n64_s202701_m40_PFAT64_top8,20260912_195012_cmr_pfat64_rpsdel050_1248
64,UR,FAT,60,44.740007,44.735533,9.42707284,True,64/01_ur/throughput_all_accepted.csv,PFAT64,TOPO-UR_n64_s202701_m60_PFAT64_top8,20260912_195012_cmr_pfat64_rpsdel050_1248,64/01_ur/pre_saturation_latency_accepted.csv,PFAT64,TOPO-UR_n64_s202701_m60_PFAT64_top8,20260912_195012_cmr_pfat64_rpsdel050_1248
64,UR,FAT,80,58.398116,58.392276,10.4118444,True,64/01_ur/throughput_all_accepted.csv,PFAT64,TOPO-UR_n64_s202701_m80_PFAT64_top8,20260912_195012_cmr_pfat64_rpsdel050_1248,64/01_ur/pre_saturation_latency_accepted.csv,PFAT64,TOPO-UR_n64_s202701_m80_PFAT64_top8,20260912_195012_cmr_pfat64_rpsdel050_1248
64,UR,FAT,100,75.731873,75.7243,12.0382757,True,64/01_ur/throughput_all_accepted.csv,PFAT64,TOPO-UR_n64_s202701_m100_PFAT64_top8,20260912_195012_cmr_pfat64_rpsdel050_1248,64/01_ur/pre_saturation_latency_accepted.csv,PFAT64,TOPO-UR_n64_s202701_m100_PFAT64_top8,20260912_195012_cmr_pfat64_rpsdel050_1248
64,UR,FAT,120,86.892448,86.883759,15.10999906,True,64/01_ur/throughput_all_accepted.csv,PFAT64,TOPO-UR_n64_s202701_m120_PFAT64_top8,20260912_195012_cmr_pfat64_rpsdel050_1248,64/01_ur/pre_saturation_latency_accepted.csv,PFAT64,TOPO-UR_n64_s202701_m120_PFAT64_top8,20260912_195012_cmr_pfat64_rpsdel050_1248
64,UR,FAT,140,102.660972,102.650706,30.9474907,True,64/01_ur/throughput_all_accepted.csv,PFAT64,TOPO-UR_n64_s202701_m140_PFAT64_top8,20260912_195012_cmr_pfat64_rpsdel050_1248,64/01_ur/pre_saturation_latency_accepted.csv,PFAT64,TOPO-UR_n64_s202701_m140_PFAT64_top8,20260912_195012_cmr_pfat64_rpsdel050_1248
64,UR,FAT,160,127.03252,127.019817,292.83505582,True,64/01_ur/throughput_all_accepted.csv,PFAT64,TOPO-UR_n64_s202701_m160_PFAT64_top8,20260912_195012_cmr_pfat64_rpsdel050_1248,64/01_ur/pre_saturation_latency_accepted.csv,PFAT64,TOPO-UR_n64_s202701_m160_PFAT64_top8,20260912_195012_cmr_pfat64_rpsdel050_1248
64,UR,FAT,180,144.568838,137.782777,,False,64/01_ur/throughput_all_accepted.csv,PFAT64,TOPO-UR_n64_s202701_m180_PFAT64_top8,20260912_195012_cmr_pfat64_rpsdel050_1248,,,,
64,UR,FAT,200,153.607943,136.001401,,False,64/01_ur/throughput_all_accepted.csv,PFAT64,TOPO-UR_n64_s202701_m200_PFAT64_top8,20260912_195012_cmr_pfat64_rpsdel050_1248,,,,
64,UR,FAT,220,168.518119,133.874164,,False,64/01_ur/throughput_all_accepted.csv,PFAT64,TOPO-UR_n64_s202701_m220_PFAT64_top8,20260915_080229_cmr_pfat64_rpsdel050_1248,,,,
64,UR,FAT,240,177.315025,132.925982,,False,64/01_ur/throughput_all_accepted.csv,PFAT64,TOPO-UR_n64_s202701_m240_PFAT64_top8,20260915_080229_cmr_pfat64_rpsdel050_1248,,,,
64,UR,FAT,260,204.141625,132.467501,,False,64/01_ur/throughput_all_accepted.csv,PFAT64,TOPO-UR_n64_s202701_m260_PFAT64_top8,20260915_080229_cmr_pfat64_rpsdel050_1248,,,,
64,UR,FAT,280,199.247641,132.117126,,False,64/01_ur/throughput_all_accepted.csv,PFAT64,TOPO-UR_n64_s202701_m280_PFAT64_top8,20260915_080229_cmr_pfat64_rpsdel050_1248,,,,
64,UR,FAT,300,226.383657,128.966242,,False,64/01_ur/throughput_all_accepted.csv,PFAT64,TOPO-UR_n64_s202701_m300_PFAT64_top8,20260915_080229_cmr_pfat64_rpsdel050_1248,,,,
64,UR,FAT,320,236.384266,125.397126,,False,64/01_ur/throughput_all_accepted.csv,PFAT64,TOPO-UR_n64_s202701_m320_PFAT64_top8,20260915_080229_cmr_pfat64_rpsdel050_1248,,,,
64,UR,FAT,340,230.729474,128.114848,,False,64/01_ur/throughput_all_accepted.csv,PFAT64,TOPO-UR_n64_s202701_m340_PFAT64_top8,20260915_080229_cmr_pfat64_rpsdel050_1248,,,,
64,UR,FAT,360,266.729259,124.946654,,False,64/01_ur/throughput_all_accepted.csv,PFAT64,TOPO-UR_n64_s202701_m360_PFAT64_top8,20260915_080229_cmr_pfat64_rpsdel050_1248,,,,
64,UR,FAT,380,276.646601,122.128408,,False,64/01_ur/throughput_all_accepted.csv,PFAT64,TOPO-UR_n64_s202701_m380_PFAT64_top8,20260915_080229_cmr_pfat64_rpsdel050_1248,,,,
64,UR,FAT,400,289.030707,122.814928,,False,64/01_ur/throughput_all_accepted.csv,PFAT64,TOPO-UR_n64_s202701_m400_PFAT64_top8,20260915_080229_cmr_pfat64_rpsdel050_1248,,,,
64,UR,FAT,420,302.224371,120.744681,,False,64/01_ur/throughput_all_accepted.csv,PFAT64,TOPO-UR_n64_s202701_m420_PFAT64_top8,20260915_080229_cmr_pfat64_rpsdel050_1248,,,,
64,UR,FAT,440,346.298759,118.226396,,False,64/01_ur/throughput_all_accepted.csv,PFAT64,TOPO-UR_n64_s202701_m440_PFAT64_top8,20260915_080229_cmr_pfat64_rpsdel050_1248,,,,
64,UR,FAT,460,335.012864,117.44211,,False,64/01_ur/throughput_all_accepted.csv,PFAT64,TOPO-UR_n64_s202701_m460_PFAT64_top8,20260915_080229_cmr_pfat64_rpsdel050_1248,,,,
64,UR,FAT,480,350.650808,115.413207,,False,64/01_ur/throughput_all_accepted.csv,PFAT64,TOPO-UR_n64_s202701_m480_PFAT64_top8,20260915_080229_cmr_pfat64_rpsdel050_1248,,,,
64,UR,FAT,500,369.910038,111.59446,,False,64/01_ur/throughput_all_accepted.csv,PFAT64,TOPO-UR_n64_s202701_m500_PFAT64_top8,20260915_080229_cmr_pfat64_rpsdel050_1248,,,,
64,UR,FAT,600,422.983216,109.231186,,False,64/01_ur/throughput_all_accepted.csv,PFAT64,TOPO-UR_n64_s202701_m600_PFAT64_top8,20260915_080229_cmr_pfat64_rpsdel050_1248,,,,
64,UR,FAT,700,547.477225,97.177207,,False,64/01_ur/throughput_all_accepted.csv,PFAT64,TOPO-UR_n64_s202701_m700_PFAT64_top8,20260915_080229_cmr_pfat64_rpsdel050_1248,,,,
64,UR,FAT,800,604.215004,90.46307,,False,64/01_ur/throughput_all_accepted.csv,PFAT64,TOPO-UR_n64_s202701_m800_PFAT64_top8,20260915_080229_cmr_pfat64_rpsdel050_1248,,,,
64,BC,Mesh,5,3.670098,3.669731,9.82823818,True,64/02_benchmarks/bc_hotspot_all_accepted.csv,FM64,TOPO-BC_n64_s202701_m5_FM64_top0_retry_csv_gate,20260913_104506_cmr_fm64_rpsdel150,64/02_benchmarks/bc_hotspot_latency_eligible.csv,FM64,TOPO-BC_n64_s202701_m5_FM64_top0_retry_csv_gate,20260913_104506_cmr_fm64_rpsdel150
64,BC,Mesh,10,6.754712,6.754037,9.948921480000001,True,64/02_benchmarks/bc_hotspot_all_accepted.csv,FM64,TOPO-BC_n64_s202701_m10_FM64_top0,20260913_104506_cmr_fm64_rpsdel150,64/02_benchmarks/bc_hotspot_latency_eligible.csv,FM64,TOPO-BC_n64_s202701_m10_FM64_top0,20260913_104506_cmr_fm64_rpsdel150
64,BC,Mesh,20,14.536506,14.535053,10.16007948,True,64/02_benchmarks/bc_hotspot_all_accepted.csv,FM64,TOPO-BC_n64_s202701_m20_FM64_top0,20260913_104506_cmr_fm64_rpsdel150,64/02_benchmarks/bc_hotspot_latency_eligible.csv,FM64,TOPO-BC_n64_s202701_m20_FM64_top0,20260913_104506_cmr_fm64_rpsdel150
64,BC,Mesh,40,29.766441,29.763464,10.723398840000002,True,64/02_benchmarks/bc_hotspot_all_accepted.csv,FM64,TOPO-BC_n64_s202701_m40_FM64_top0,20260913_104506_cmr_fm64_rpsdel150,64/02_benchmarks/bc_hotspot_latency_eligible.csv,FM64,TOPO-BC_n64_s202701_m40_FM64_top0,20260913_104506_cmr_fm64_rpsdel150
64,BC,Mesh,60,44.391727,44.387288,11.41870226,True,64/02_benchmarks/bc_hotspot_all_accepted.csv,FM64,TOPO-BC_n64_s202701_m60_FM64_top0,20260913_104506_cmr_fm64_rpsdel150,64/02_benchmarks/bc_hotspot_latency_eligible.csv,FM64,TOPO-BC_n64_s202701_m60_FM64_top0,20260913_104506_cmr_fm64_rpsdel150
64,BC,Mesh,80,61.535129,61.528976,12.328718440000001,True,64/02_benchmarks/bc_hotspot_all_accepted.csv,FM64,TOPO-BC_n64_s202701_m80_FM64_top0,20260913_104506_cmr_fm64_rpsdel150,64/02_benchmarks/bc_hotspot_latency_eligible.csv,FM64,TOPO-BC_n64_s202701_m80_FM64_top0,20260913_104506_cmr_fm64_rpsdel150
64,BC,Mesh,100,77.961281,77.953485,13.71367382,True,64/02_benchmarks/bc_hotspot_all_accepted.csv,FM64,TOPO-BC_n64_s202701_m100_FM64_top0,20260913_104506_cmr_fm64_rpsdel150,64/02_benchmarks/bc_hotspot_latency_eligible.csv,FM64,TOPO-BC_n64_s202701_m100_FM64_top0,20260913_104506_cmr_fm64_rpsdel150
64,BC,Mesh,120,85.47593,85.467382,15.74985714,True,64/02_benchmarks/bc_hotspot_all_accepted.csv,FM64,TOPO-BC_n64_s202701_m120_FM64_top0,20260913_104506_cmr_fm64_rpsdel150,64/02_benchmarks/bc_hotspot_latency_eligible.csv,FM64,TOPO-BC_n64_s202701_m120_FM64_top0,20260913_104506_cmr_fm64_rpsdel150
64,BC,Mesh,140,104.865772,104.855285,19.41043494,True,64/02_benchmarks/bc_hotspot_all_accepted.csv,FM64,TOPO-BC_n64_s202701_m140_FM64_top0,20260913_104506_cmr_fm64_rpsdel150,64/02_benchmarks/bc_hotspot_latency_eligible.csv,FM64,TOPO-BC_n64_s202701_m140_FM64_top0,20260913_104506_cmr_fm64_rpsdel150
64,BC,Mesh,160,124.74054,124.728066,30.62750906,True,64/02_benchmarks/bc_hotspot_all_accepted.csv,FM64,TOPO-BC_n64_s202701_m160_FM64_top0,20260913_104506_cmr_fm64_rpsdel150,64/02_benchmarks/bc_hotspot_latency_eligible.csv,FM64,TOPO-BC_n64_s202701_m160_FM64_top0,20260913_104506_cmr_fm64_rpsdel150
64,BC,Mesh,180,146.274106,146.259479,73.41257832000001,True,64/02_benchmarks/bc_hotspot_all_accepted.csv,FM64,TOPO-BC_n64_s202701_m180_FM64_top0,20260913_104506_cmr_fm64_rpsdel150,64/02_benchmarks/bc_hotspot_latency_eligible.csv,FM64,TOPO-BC_n64_s202701_m180_FM64_top0,20260913_104506_cmr_fm64_rpsdel150
64,BC,Mesh,200,156.688728,152.160424,,False,64/02_benchmarks/bc_hotspot_all_accepted.csv,FM64,TOPO-BC_n64_s202701_m200_FM64_top0,20260913_104506_cmr_fm64_rpsdel150,,,,
64,BC,Mesh,220,165.169133,136.895481,,False,64/02_benchmarks/bc_hotspot_all_accepted.csv,FM64,TOPO-BC_n64_s202701_m220_FM64_top0,20260913_104506_cmr_fm64_rpsdel150,,,,
64,BC,Mesh,240,176.513782,140.533213,,False,64/02_benchmarks/bc_hotspot_all_accepted.csv,FM64,TOPO-BC_n64_s202701_m240_FM64_top0,20260913_104506_cmr_fm64_rpsdel150,,,,
64,BC,Mesh,260,198.538755,129.673602,,False,64/02_benchmarks/bc_hotspot_all_accepted.csv,FM64,TOPO-BC_n64_s202701_m260_FM64_top0,20260913_104506_cmr_fm64_rpsdel150,,,,
64,BC,Mesh,280,196.639819,121.578467,,False,64/02_benchmarks/bc_hotspot_all_accepted.csv,FM64,TOPO-BC_n64_s202701_m280_FM64_top0,20260913_104506_cmr_fm64_rpsdel150,,,,
64,BC,Mesh,300,237.606448,110.078315,,False,64/02_benchmarks/bc_hotspot_all_accepted.csv,FM64,TOPO-BC_n64_s202701_m300_FM64_top0,20260913_104506_cmr_fm64_rpsdel150,,,,
64,BC,Mesh,320,230.321344,110.895121,,False,64/02_benchmarks/bc_hotspot_all_accepted.csv,FM64,TOPO-BC_n64_s202701_m320_FM64_top0,20260913_104506_cmr_fm64_rpsdel150,,,,
64,BC,Mesh,340,242.473619,105.548766,,False,64/02_benchmarks/bc_hotspot_all_accepted.csv,FM64,TOPO-BC_n64_s202701_m340_FM64_top0,20260913_104506_cmr_fm64_rpsdel150,,,,
64,BC,Mesh,360,264.830508,98.808263,,False,64/02_benchmarks/bc_hotspot_all_accepted.csv,FM64,TOPO-BC_n64_s202701_m360_FM64_top0,20260913_104506_cmr_fm64_rpsdel150,,,,
64,BC,Mesh,380,288.817006,92.201941,,False,64/02_benchmarks/bc_hotspot_all_accepted.csv,FM64,TOPO-BC_n64_s202701_m380_FM64_top0,20260913_104506_cmr_fm64_rpsdel150,,,,
64,BC,Mesh,400,286.802496,94.054011,,False,64/02_benchmarks/bc_hotspot_all_accepted.csv,FM64,TOPO-BC_n64_s202701_m400_FM64_top0,20260913_104506_cmr_fm64_rpsdel150,,,,
64,BC,Mesh,420,311.627443,88.246659,,False,64/02_benchmarks/bc_hotspot_all_accepted.csv,FM64,TOPO-BC_n64_s202701_m420_FM64_top0,20260913_104506_cmr_fm64_rpsdel150,,,,
64,BC,Mesh,440,336.890901,85.657881,,False,64/02_benchmarks/bc_hotspot_all_accepted.csv,FM64,TOPO-BC_n64_s202701_m440_FM64_top0,20260913_104506_cmr_fm64_rpsdel150,,,,
64,BC,Mesh,460,321.766886,86.941413,,False,64/02_benchmarks/bc_hotspot_all_accepted.csv,FM64,TOPO-BC_n64_s202701_m460_FM64_top0,20260913_104506_cmr_fm64_rpsdel150,,,,
64,BC,Mesh,480,362.865769,83.858279,,False,64/02_benchmarks/bc_hotspot_all_accepted.csv,FM64,TOPO-BC_n64_s202701_m480_FM64_top0,20260913_104506_cmr_fm64_rpsdel150,,,,
64,BC,Mesh,500,356.409672,81.938583,,False,64/02_benchmarks/bc_hotspot_all_accepted.csv,FM64,TOPO-BC_n64_s202701_m500_FM64_top0,20260913_104506_cmr_fm64_rpsdel150,,,,
64,BC,Mesh,600,469.783524,73.28623,,False,64/02_benchmarks/bc_hotspot_all_accepted.csv,FM64,TOPO-BC_n64_s202701_m600_FM64_top0,20260913_104506_cmr_fm64_rpsdel150,,,,
64,BC,Mesh,700,538.050964,67.256371,,False,64/02_benchmarks/bc_hotspot_all_accepted.csv,FM64,TOPO-BC_n64_s202701_m700_FM64_top0,20260913_104506_cmr_fm64_rpsdel150,,,,
64,BC,Mesh,800,618.077532,61.004252,,False,64/02_benchmarks/bc_hotspot_all_accepted.csv,FM64,TOPO-BC_n64_s202701_m800_FM64_top0,20260913_104506_cmr_fm64_rpsdel150,,,,
64,BC,PROP,5,3.670098,3.669731,6.6334399600000005,True,64/02_benchmarks/bc_hotspot_all_accepted.csv,PROP_temp64,TOPO-BC_n64_s202701_m5_PROP_temp64_top16_retry_csv_gate,20260913_prop_temp64_asap_uc_m5_200,64/02_benchmarks/bc_hotspot_latency_eligible.csv,PROP_temp64,TOPO-BC_n64_s202701_m5_PROP_temp64_top16_retry_csv_gate,20260913_prop_temp64_asap_uc_m5_200
64,BC,PROP,10,6.754712,6.754037,6.6929370200000005,True,64/02_benchmarks/bc_hotspot_all_accepted.csv,PROP_temp64,TOPO-BC_n64_s202701_m10_PROP_temp64_top16,20260913_prop_temp64_asap_uc_m5_200,64/02_benchmarks/bc_hotspot_latency_eligible.csv,PROP_temp64,TOPO-BC_n64_s202701_m10_PROP_temp64_top16,20260913_prop_temp64_asap_uc_m5_200
64,BC,PROP,20,14.536506,14.535053,6.821520899999999,True,64/02_benchmarks/bc_hotspot_all_accepted.csv,PROP_temp64,TOPO-BC_n64_s202701_m20_PROP_temp64_top16,20260913_prop_temp64_asap_uc_m5_200,64/02_benchmarks/bc_hotspot_latency_eligible.csv,PROP_temp64,TOPO-BC_n64_s202701_m20_PROP_temp64_top16,20260913_prop_temp64_asap_uc_m5_200
64,BC,PROP,40,29.766441,29.763464,7.123449740000001,True,64/02_benchmarks/bc_hotspot_all_accepted.csv,PROP_temp64,TOPO-BC_n64_s202701_m40_PROP_temp64_top16,20260913_prop_temp64_asap_uc_m5_200,64/02_benchmarks/bc_hotspot_latency_eligible.csv,PROP_temp64,TOPO-BC_n64_s202701_m40_PROP_temp64_top16,20260913_prop_temp64_asap_uc_m5_200
64,BC,PROP,60,44.391727,44.387288,7.41051948,True,64/02_benchmarks/bc_hotspot_all_accepted.csv,PROP_temp64,TOPO-BC_n64_s202701_m60_PROP_temp64_top16,20260913_prop_temp64_asap_uc_m5_200,64/02_benchmarks/bc_hotspot_latency_eligible.csv,PROP_temp64,TOPO-BC_n64_s202701_m60_PROP_temp64_top16,20260913_prop_temp64_asap_uc_m5_200
64,BC,PROP,80,61.535129,61.528976,7.60389448,True,64/02_benchmarks/bc_hotspot_all_accepted.csv,PROP_temp64,TOPO-BC_n64_s202701_m80_PROP_temp64_top16,20260913_prop_temp64_asap_uc_m5_200,64/02_benchmarks/bc_hotspot_latency_eligible.csv,PROP_temp64,TOPO-BC_n64_s202701_m80_PROP_temp64_top16,20260913_prop_temp64_asap_uc_m5_200
64,BC,PROP,100,77.961281,77.953485,7.974478,True,64/02_benchmarks/bc_hotspot_all_accepted.csv,PROP_temp64,TOPO-BC_n64_s202701_m100_PROP_temp64_top16,20260913_prop_temp64_asap_uc_m5_200,64/02_benchmarks/bc_hotspot_latency_eligible.csv,PROP_temp64,TOPO-BC_n64_s202701_m100_PROP_temp64_top16,20260913_prop_temp64_asap_uc_m5_200
64,BC,PROP,120,85.47593,85.467382,8.20237424,True,64/02_benchmarks/bc_hotspot_all_accepted.csv,PROP_temp64,TOPO-BC_n64_s202701_m120_PROP_temp64_top16,20260913_prop_temp64_asap_uc_m5_200,64/02_benchmarks/bc_hotspot_latency_eligible.csv,PROP_temp64,TOPO-BC_n64_s202701_m120_PROP_temp64_top16,20260913_prop_temp64_asap_uc_m5_200
64,BC,PROP,140,104.865772,104.855285,8.65903144,True,64/02_benchmarks/bc_hotspot_all_accepted.csv,PROP_temp64,TOPO-BC_n64_s202701_m140_PROP_temp64_top16,20260913_prop_temp64_asap_uc_m5_200,64/02_benchmarks/bc_hotspot_latency_eligible.csv,PROP_temp64,TOPO-BC_n64_s202701_m140_PROP_temp64_top16,20260913_prop_temp64_asap_uc_m5_200
64,BC,PROP,160,124.74054,124.728066,8.90691488,True,64/02_benchmarks/bc_hotspot_all_accepted.csv,PROP_temp64,TOPO-BC_n64_s202701_m160_PROP_temp64_top16,20260913_prop_temp64_asap_uc_m5_200,64/02_benchmarks/bc_hotspot_latency_eligible.csv,PROP_temp64,TOPO-BC_n64_s202701_m160_PROP_temp64_top16,20260913_prop_temp64_asap_uc_m5_200
64,BC,PROP,180,146.274106,146.259479,9.14799216,True,64/02_benchmarks/bc_hotspot_all_accepted.csv,PROP_temp64,TOPO-BC_n64_s202701_m180_PROP_temp64_top16,20260913_prop_temp64_asap_uc_m5_200,64/02_benchmarks/bc_hotspot_latency_eligible.csv,PROP_temp64,TOPO-BC_n64_s202701_m180_PROP_temp64_top16,20260913_prop_temp64_asap_uc_m5_200
64,BC,PROP,200,156.688728,156.663658,,False,64/02_benchmarks/bc_hotspot_all_accepted.csv,PROP_temp64,TOPO-BC_n64_s202701_m200_PROP_temp64_top16,20260913_prop_temp64_asap_uc_m5_200,,,,
64,BC,PROP,220,165.169133,165.152616,9.75994418,True,64/02_benchmarks/bc_hotspot_all_accepted.csv,PROP_temp64,TOPO-BC_n64_s202701_m220_PROP_temp64_top16,20260913_prop_temp64_asap_uc_m5_200,64/02_benchmarks/bc_hotspot_latency_eligible.csv,PROP_temp64,TOPO-BC_n64_s202701_m220_PROP_temp64_top16,20260913_prop_temp64_asap_uc_m5_200
64,BC,PROP,240,176.513782,176.496131,10.2538105,True,64/02_benchmarks/bc_hotspot_all_accepted.csv,PROP_temp64,TOPO-BC_n64_s202701_m240_PROP_temp64_top16,20260913_prop_temp64_asap_uc_m5_200,64/02_benchmarks/bc_hotspot_latency_eligible.csv,PROP_temp64,TOPO-BC_n64_s202701_m240_PROP_temp64_top16,20260913_prop_temp64_asap_uc_m5_200
64,BC,PROP,260,198.538755,198.518901,10.64159188,True,64/02_benchmarks/bc_hotspot_all_accepted.csv,PROP_temp64,TOPO-BC_n64_s202701_m260_PROP_temp64_top16,20260913_prop_temp64_asap_uc_m5_200,64/02_benchmarks/bc_hotspot_latency_eligible.csv,PROP_temp64,TOPO-BC_n64_s202701_m260_PROP_temp64_top16,20260913_prop_temp64_asap_uc_m5_200
64,BC,PROP,280,196.639819,196.620155,11.40376844,True,64/02_benchmarks/bc_hotspot_all_accepted.csv,PROP_temp64,TOPO-BC_n64_s202701_m280_PROP_temp64_top16,20260913_prop_temp64_asap_uc_m5_200,64/02_benchmarks/bc_hotspot_latency_eligible.csv,PROP_temp64,TOPO-BC_n64_s202701_m280_PROP_temp64_top16,20260913_prop_temp64_asap_uc_m5_200
64,BC,PROP,300,237.606448,237.549422,,False,64/02_benchmarks/bc_hotspot_all_accepted.csv,PROP_temp64,TOPO-BC_n64_s202701_m300_PROP_temp64_top16,20260913_prop_temp64_asap_uc_m5_200,,,,
64,BC,PROP,320,230.321344,230.298312,12.245890600000001,True,64/02_benchmarks/bc_hotspot_all_accepted.csv,PROP_temp64,TOPO-BC_n64_s202701_m320_PROP_temp64_top16,20260913_prop_temp64_asap_uc_m5_200,64/02_benchmarks/bc_hotspot_latency_eligible.csv,PROP_temp64,TOPO-BC_n64_s202701_m320_PROP_temp64_top16,20260913_prop_temp64_asap_uc_m5_200
64,BC,PROP,340,242.473619,242.449372,12.77060316,True,64/02_benchmarks/bc_hotspot_all_accepted.csv,PROP_temp64,TOPO-BC_n64_s202701_m340_PROP_temp64_top16,20260913_prop_temp64_asap_uc_m5_200,64/02_benchmarks/bc_hotspot_latency_eligible.csv,PROP_temp64,TOPO-BC_n64_s202701_m340_PROP_temp64_top16,20260913_prop_temp64_asap_uc_m5_200
64,BC,PROP,360,264.830508,264.804025,14.146987560000001,True,64/02_benchmarks/bc_hotspot_all_accepted.csv,PROP_temp64,TOPO-BC_n64_s202701_m360_PROP_temp64_top16,20260913_prop_temp64_asap_uc_m5_200,64/02_benchmarks/bc_hotspot_latency_eligible.csv,PROP_temp64,TOPO-BC_n64_s202701_m360_PROP_temp64_top16,20260913_prop_temp64_asap_uc_m5_200
64,BC,PROP,380,288.817006,288.788124,13.987101580000001,True,64/02_benchmarks/bc_hotspot_all_accepted.csv,PROP_temp64,TOPO-BC_n64_s202701_m380_PROP_temp64_top16,20260913_prop_temp64_asap_uc_m5_200,64/02_benchmarks/bc_hotspot_latency_eligible.csv,PROP_temp64,TOPO-BC_n64_s202701_m380_PROP_temp64_top16,20260913_prop_temp64_asap_uc_m5_200
64,BC,PROP,400,286.802496,286.745136,,False,64/02_benchmarks/bc_hotspot_all_accepted.csv,PROP_temp64,TOPO-BC_n64_s202701_m400_PROP_temp64_top16,20260913_prop_temp64_asap_uc_m5_200,,,,
64,BC,PROP,420,311.627443,311.558885,,False,64/02_benchmarks/bc_hotspot_all_accepted.csv,PROP_temp64,TOPO-BC_n64_s202701_m420_PROP_temp64_top16,20260913_prop_temp64_asap_uc_m5_200,,,,
64,BC,PROP,440,336.890901,336.789834,,False,64/02_benchmarks/bc_hotspot_all_accepted.csv,PROP_temp64,TOPO-BC_n64_s202701_m440_PROP_temp64_top16,20260913_prop_temp64_asap_uc_m5_200,,,,
64,BC,PROP,460,321.766886,321.73471,27.283879040000002,True,64/02_benchmarks/bc_hotspot_all_accepted.csv,PROP_temp64,TOPO-BC_n64_s202701_m460_PROP_temp64_top16,20260913_prop_temp64_asap_uc_m5_200,64/02_benchmarks/bc_hotspot_latency_eligible.csv,PROP_temp64,TOPO-BC_n64_s202701_m460_PROP_temp64_top16,20260913_prop_temp64_asap_uc_m5_200
64,BC,PROP,480,362.865769,362.764166,,False,64/02_benchmarks/bc_hotspot_all_accepted.csv,PROP_temp64,TOPO-BC_n64_s202701_m480_PROP_temp64_top16,20260913_prop_temp64_asap_uc_m5_200,,,,
64,BC,PROP,500,356.409672,356.302749,,False,64/02_benchmarks/bc_hotspot_all_accepted.csv,PROP_temp64,TOPO-BC_n64_s202701_m500_PROP_temp64_top16,20260913_prop_temp64_asap_uc_m5_200,,,,
64,BC,PROP,600,469.783524,466.86147,,False,64/02_benchmarks/bc_hotspot_all_accepted.csv,PROP_temp64,TOPO-BC_n64_s202701_m600_PROP_temp64_top16,20260913_prop_temp64_asap_uc_m5_200,,,,
64,BC,PROP,700,538.050964,496.685606,,False,64/02_benchmarks/bc_hotspot_all_accepted.csv,PROP_temp64,TOPO-BC_n64_s202701_m700_PROP_temp64_top16,20260913_prop_temp64_asap_uc_m5_200,,,,
64,BC,PROP,800,618.077532,506.353837,,False,64/02_benchmarks/bc_hotspot_all_accepted.csv,PROP_temp64,TOPO-BC_n64_s202701_m800_PROP_temp64_top16,20260913_prop_temp64_asap_uc_m5_200,,,,
64,Hotspot10,Mesh,5,3.636004,3.63564,7.398556800000001,True,64/02_benchmarks/bc_hotspot_all_accepted.csv,FM64,HOTSPOT10_n64_s202701_m5_FM64_top0_retry_csv_gate,20260913_104506_cmr_fm64_rpsdel150,64/02_benchmarks/bc_hotspot_latency_eligible.csv,FM64,HOTSPOT10_n64_s202701_m5_FM64_top0_retry_csv_gate,20260913_104506_cmr_fm64_rpsdel150
64,Hotspot10,Mesh,10,6.568548,6.567891,7.4751460199999995,True,64/02_benchmarks/bc_hotspot_all_accepted.csv,FM64,HOTSPOT10_n64_s202701_m10_FM64_top0,20260913_104506_cmr_fm64_rpsdel150,64/02_benchmarks/bc_hotspot_latency_eligible.csv,FM64,HOTSPOT10_n64_s202701_m10_FM64_top0,20260913_104506_cmr_fm64_rpsdel150
64,Hotspot10,Mesh,20,14.245988,14.244564,7.6117362,True,64/02_benchmarks/bc_hotspot_all_accepted.csv,FM64,HOTSPOT10_n64_s202701_m20_FM64_top0,20260913_104506_cmr_fm64_rpsdel150,64/02_benchmarks/bc_hotspot_latency_eligible.csv,FM64,HOTSPOT10_n64_s202701_m20_FM64_top0,20260913_104506_cmr_fm64_rpsdel150
64,Hotspot10,Mesh,40,31.702715,31.699544,7.8934438600000005,True,64/02_benchmarks/bc_hotspot_all_accepted.csv,FM64,HOTSPOT10_n64_s202701_m40_FM64_top0,20260913_104506_cmr_fm64_rpsdel150,64/02_benchmarks/bc_hotspot_latency_eligible.csv,FM64,HOTSPOT10_n64_s202701_m40_FM64_top0,20260913_104506_cmr_fm64_rpsdel150
64,Hotspot10,Mesh,60,45.934266,45.929673,8.32238736,True,64/02_benchmarks/bc_hotspot_all_accepted.csv,FM64,HOTSPOT10_n64_s202701_m60_FM64_top0,20260913_104506_cmr_fm64_rpsdel150,64/02_benchmarks/bc_hotspot_latency_eligible.csv,FM64,HOTSPOT10_n64_s202701_m60_FM64_top0,20260913_104506_cmr_fm64_rpsdel150
64,Hotspot10,Mesh,80,59.701207,59.695237,8.70641288,True,64/02_benchmarks/bc_hotspot_all_accepted.csv,FM64,HOTSPOT10_n64_s202701_m80_FM64_top0,20260913_104506_cmr_fm64_rpsdel150,64/02_benchmarks/bc_hotspot_latency_eligible.csv,FM64,HOTSPOT10_n64_s202701_m80_FM64_top0,20260913_104506_cmr_fm64_rpsdel150
64,Hotspot10,Mesh,100,75.768597,75.76102,9.24285924,True,64/02_benchmarks/bc_hotspot_all_accepted.csv,FM64,HOTSPOT10_n64_s202701_m100_FM64_top0,20260913_104506_cmr_fm64_rpsdel150,64/02_benchmarks/bc_hotspot_latency_eligible.csv,FM64,HOTSPOT10_n64_s202701_m100_FM64_top0,20260913_104506_cmr_fm64_rpsdel150
64,Hotspot10,Mesh,120,84.11391,84.105499,9.90791718,True,64/02_benchmarks/bc_hotspot_all_accepted.csv,FM64,HOTSPOT10_n64_s202701_m120_FM64_top0,20260913_104506_cmr_fm64_rpsdel150,64/02_benchmarks/bc_hotspot_latency_eligible.csv,FM64,HOTSPOT10_n64_s202701_m120_FM64_top0,20260913_104506_cmr_fm64_rpsdel150
64,Hotspot10,Mesh,140,104.417268,104.396385,,False,64/02_benchmarks/bc_hotspot_all_accepted.csv,FM64,HOTSPOT10_n64_s202701_m140_FM64_top0,20260913_104506_cmr_fm64_rpsdel150,,,,
64,Hotspot10,Mesh,160,121.557492,121.545336,11.6666514,True,64/02_benchmarks/bc_hotspot_all_accepted.csv,FM64,HOTSPOT10_n64_s202701_m160_FM64_top0,20260913_104506_cmr_fm64_rpsdel150,64/02_benchmarks/bc_hotspot_latency_eligible.csv,FM64,HOTSPOT10_n64_s202701_m160_FM64_top0,20260913_104506_cmr_fm64_rpsdel150
64,Hotspot10,Mesh,180,141.91644,141.888056,13.647917860000002,True,64/02_benchmarks/bc_hotspot_all_accepted.csv,FM64,HOTSPOT10_n64_s202701_m180_FM64_top0,20260913_104506_cmr_fm64_rpsdel150,64/02_benchmarks/bc_hotspot_latency_eligible.csv,FM64,HOTSPOT10_n64_s202701_m180_FM64_top0,20260913_104506_cmr_fm64_rpsdel150
64,Hotspot10,Mesh,200,151.493116,151.477967,15.7560668,True,64/02_benchmarks/bc_hotspot_all_accepted.csv,FM64,HOTSPOT10_n64_s202701_m200_FM64_top0,20260913_104506_cmr_fm64_rpsdel150,64/02_benchmarks/bc_hotspot_latency_eligible.csv,FM64,HOTSPOT10_n64_s202701_m200_FM64_top0,20260913_104506_cmr_fm64_rpsdel150
64,Hotspot10,Mesh,220,165.484008,165.467459,20.37680938,True,64/02_benchmarks/bc_hotspot_all_accepted.csv,FM64,HOTSPOT10_n64_s202701_m220_FM64_top0,20260913_104506_cmr_fm64_rpsdel150,64/02_benchmarks/bc_hotspot_latency_eligible.csv,FM64,HOTSPOT10_n64_s202701_m220_FM64_top0,20260913_104506_cmr_fm64_rpsdel150
64,Hotspot10,Mesh,240,172.651934,172.634669,35.07834968,True,64/02_benchmarks/bc_hotspot_all_accepted.csv,FM64,HOTSPOT10_n64_s202701_m240_FM64_top0,20260913_104506_cmr_fm64_rpsdel150,64/02_benchmarks/bc_hotspot_latency_eligible.csv,FM64,HOTSPOT10_n64_s202701_m240_FM64_top0,20260913_104506_cmr_fm64_rpsdel150
64,Hotspot10,Mesh,260,195.01997,195.000468,95.42107334,True,64/02_benchmarks/bc_hotspot_all_accepted.csv,FM64,HOTSPOT10_n64_s202701_m260_FM64_top0,20260913_104506_cmr_fm64_rpsdel150,64/02_benchmarks/bc_hotspot_latency_eligible.csv,FM64,HOTSPOT10_n64_s202701_m260_FM64_top0,20260913_104506_cmr_fm64_rpsdel150
64,Hotspot10,Mesh,280,197.335186,197.098383,,False,64/02_benchmarks/bc_hotspot_all_accepted.csv,FM64,HOTSPOT10_n64_s202701_m280_FM64_top0,20260913_104506_cmr_fm64_rpsdel150,,,,
64,Hotspot10,Mesh,300,231.618737,225.911651,,False,64/02_benchmarks/bc_hotspot_all_accepted.csv,FM64,HOTSPOT10_n64_s202701_m300_FM64_top0,20260913_104506_cmr_fm64_rpsdel150,,,,
64,Hotspot10,Mesh,320,224.303761,219.647215,,False,64/02_benchmarks/bc_hotspot_all_accepted.csv,FM64,HOTSPOT10_n64_s202701_m320_FM64_top0,20260913_104506_cmr_fm64_rpsdel150,,,,
64,Hotspot10,Mesh,340,231.756155,225.127929,,False,64/02_benchmarks/bc_hotspot_all_accepted.csv,FM64,HOTSPOT10_n64_s202701_m340_FM64_top0,20260913_104506_cmr_fm64_rpsdel150,,,,
64,Hotspot10,Mesh,360,272.212544,237.211455,,False,64/02_benchmarks/bc_hotspot_all_accepted.csv,FM64,HOTSPOT10_n64_s202701_m360_FM64_top0,20260913_104506_cmr_fm64_rpsdel150,,,,
64,Hotspot10,Mesh,380,283.16419,234.765767,,False,64/02_benchmarks/bc_hotspot_all_accepted.csv,FM64,HOTSPOT10_n64_s202701_m380_FM64_top0,20260913_104506_cmr_fm64_rpsdel150,,,,
64,Hotspot10,Mesh,400,286.172161,232.045559,,False,64/02_benchmarks/bc_hotspot_all_accepted.csv,FM64,HOTSPOT10_n64_s202701_m400_FM64_top0,20260913_104506_cmr_fm64_rpsdel150,,,,
64,Hotspot10,Mesh,420,305.892717,231.652555,,False,64/02_benchmarks/bc_hotspot_all_accepted.csv,FM64,HOTSPOT10_n64_s202701_m420_FM64_top0,20260913_104506_cmr_fm64_rpsdel150,,,,
64,Hotspot10,Mesh,440,327.568134,233.523323,,False,64/02_benchmarks/bc_hotspot_all_accepted.csv,FM64,HOTSPOT10_n64_s202701_m440_FM64_top0,20260913_104506_cmr_fm64_rpsdel150,,,,
64,Hotspot10,Mesh,460,331.60017,233.824544,,False,64/02_benchmarks/bc_hotspot_all_accepted.csv,FM64,HOTSPOT10_n64_s202701_m460_FM64_top0,20260913_104506_cmr_fm64_rpsdel150,,,,
64,Hotspot10,Mesh,480,359.691529,226.166839,,False,64/02_benchmarks/bc_hotspot_all_accepted.csv,FM64,HOTSPOT10_n64_s202701_m480_FM64_top0,20260913_104506_cmr_fm64_rpsdel150,,,,
64,Hotspot10,Mesh,500,345.227574,227.394498,,False,64/02_benchmarks/bc_hotspot_all_accepted.csv,FM64,HOTSPOT10_n64_s202701_m500_FM64_top0,20260913_104506_cmr_fm64_rpsdel150,,,,
64,Hotspot10,Mesh,600,439.3982,221.289722,,False,64/02_benchmarks/bc_hotspot_all_accepted.csv,FM64,HOTSPOT10_n64_s202701_m600_FM64_top0,20260913_104506_cmr_fm64_rpsdel150,,,,
64,Hotspot10,Mesh,700,517.041694,214.789461,,False,64/02_benchmarks/bc_hotspot_all_accepted.csv,FM64,HOTSPOT10_n64_s202701_m700_FM64_top0,20260913_104506_cmr_fm64_rpsdel150,,,,
64,Hotspot10,Mesh,800,603.281853,206.611969,,False,64/02_benchmarks/bc_hotspot_all_accepted.csv,FM64,HOTSPOT10_n64_s202701_m800_FM64_top0,20260913_104506_cmr_fm64_rpsdel150,,,,
64,Hotspot10,PROP,5,3.636004,3.63564,6.214365679999999,True,64/02_benchmarks/bc_hotspot_all_accepted.csv,PROP_temp64,HOTSPOT10_n64_s202701_m5_PROP_temp64_top16_retry_csv_gate,20260913_prop_temp64_asap_uc_m5_200,64/02_benchmarks/bc_hotspot_latency_eligible.csv,PROP_temp64,HOTSPOT10_n64_s202701_m5_PROP_temp64_top16_retry_csv_gate,20260913_prop_temp64_asap_uc_m5_200
64,Hotspot10,PROP,10,6.568548,6.567891,6.44135628,True,64/02_benchmarks/bc_hotspot_all_accepted.csv,PROP_temp64,HOTSPOT10_n64_s202701_m10_PROP_temp64_top16,20260913_prop_temp64_asap_uc_m5_200,64/02_benchmarks/bc_hotspot_latency_eligible.csv,PROP_temp64,HOTSPOT10_n64_s202701_m10_PROP_temp64_top16,20260913_prop_temp64_asap_uc_m5_200
64,Hotspot10,PROP,20,14.245988,14.244564,6.7503433600000005,True,64/02_benchmarks/bc_hotspot_all_accepted.csv,PROP_temp64,HOTSPOT10_n64_s202701_m20_PROP_temp64_top16,20260913_prop_temp64_asap_uc_m5_200,64/02_benchmarks/bc_hotspot_latency_eligible.csv,PROP_temp64,HOTSPOT10_n64_s202701_m20_PROP_temp64_top16,20260913_prop_temp64_asap_uc_m5_200
64,Hotspot10,PROP,40,31.702715,31.699544,7.53206674,True,64/02_benchmarks/bc_hotspot_all_accepted.csv,PROP_temp64,HOTSPOT10_n64_s202701_m40_PROP_temp64_top16,20260913_prop_temp64_asap_uc_m5_200,64/02_benchmarks/bc_hotspot_latency_eligible.csv,PROP_temp64,HOTSPOT10_n64_s202701_m40_PROP_temp64_top16,20260913_prop_temp64_asap_uc_m5_200
64,Hotspot10,PROP,60,45.934266,45.929673,8.404244819999999,True,64/02_benchmarks/bc_hotspot_all_accepted.csv,PROP_temp64,HOTSPOT10_n64_s202701_m60_PROP_temp64_top16,20260913_prop_temp64_asap_uc_m5_200,64/02_benchmarks/bc_hotspot_latency_eligible.csv,PROP_temp64,HOTSPOT10_n64_s202701_m60_PROP_temp64_top16,20260913_prop_temp64_asap_uc_m5_200
64,Hotspot10,PROP,80,59.701207,59.695237,9.2317253,True,64/02_benchmarks/bc_hotspot_all_accepted.csv,PROP_temp64,HOTSPOT10_n64_s202701_m80_PROP_temp64_top16,20260913_prop_temp64_asap_uc_m5_200,64/02_benchmarks/bc_hotspot_latency_eligible.csv,PROP_temp64,HOTSPOT10_n64_s202701_m80_PROP_temp64_top16,20260913_prop_temp64_asap_uc_m5_200
64,Hotspot10,PROP,100,75.768597,75.76102,10.1448658,True,64/02_benchmarks/bc_hotspot_all_accepted.csv,PROP_temp64,HOTSPOT10_n64_s202701_m100_PROP_temp64_top16,20260913_prop_temp64_asap_uc_m5_200,64/02_benchmarks/bc_hotspot_latency_eligible.csv,PROP_temp64,HOTSPOT10_n64_s202701_m100_PROP_temp64_top16,20260913_prop_temp64_asap_uc_m5_200
64,Hotspot10,PROP,120,84.11391,84.105499,11.5281396,True,64/02_benchmarks/bc_hotspot_all_accepted.csv,PROP_temp64,HOTSPOT10_n64_s202701_m120_PROP_temp64_top16,20260913_prop_temp64_asap_uc_m5_200,64/02_benchmarks/bc_hotspot_latency_eligible.csv,PROP_temp64,HOTSPOT10_n64_s202701_m120_PROP_temp64_top16,20260913_prop_temp64_asap_uc_m5_200
64,Hotspot10,PROP,140,104.417268,104.396385,,False,64/02_benchmarks/bc_hotspot_all_accepted.csv,PROP_temp64,HOTSPOT10_n64_s202701_m140_PROP_temp64_top16,20260913_prop_temp64_asap_uc_m5_200,,,,
64,Hotspot10,PROP,160,121.557492,121.545336,13.441435660000002,True,64/02_benchmarks/bc_hotspot_all_accepted.csv,PROP_temp64,HOTSPOT10_n64_s202701_m160_PROP_temp64_top16,20260913_prop_temp64_asap_uc_m5_200,64/02_benchmarks/bc_hotspot_latency_eligible.csv,PROP_temp64,HOTSPOT10_n64_s202701_m160_PROP_temp64_top16,20260913_prop_temp64_asap_uc_m5_200
64,Hotspot10,PROP,180,141.91644,141.893733,,False,64/02_benchmarks/bc_hotspot_all_accepted.csv,PROP_temp64,HOTSPOT10_n64_s202701_m180_PROP_temp64_top16,20260913_prop_temp64_asap_uc_m5_200,,,,
64,Hotspot10,PROP,200,151.493116,151.477967,15.72055536,True,64/02_benchmarks/bc_hotspot_all_accepted.csv,PROP_temp64,HOTSPOT10_n64_s202701_m200_PROP_temp64_top16,20260913_prop_temp64_asap_uc_m5_200,64/02_benchmarks/bc_hotspot_latency_eligible.csv,PROP_temp64,HOTSPOT10_n64_s202701_m200_PROP_temp64_top16,20260913_prop_temp64_asap_uc_m5_200
64,Hotspot10,PROP,220,165.484008,165.467459,17.89712854,True,64/02_benchmarks/bc_hotspot_all_accepted.csv,PROP_temp64,HOTSPOT10_n64_s202701_m220_PROP_temp64_top16,20260913_prop_temp64_asap_uc_m5_200,64/02_benchmarks/bc_hotspot_latency_eligible.csv,PROP_temp64,HOTSPOT10_n64_s202701_m220_PROP_temp64_top16,20260913_prop_temp64_asap_uc_m5_200
64,Hotspot10,PROP,240,172.651934,172.634669,19.42331836,True,64/02_benchmarks/bc_hotspot_all_accepted.csv,PROP_temp64,HOTSPOT10_n64_s202701_m240_PROP_temp64_top16,20260913_prop_temp64_asap_uc_m5_200,64/02_benchmarks/bc_hotspot_latency_eligible.csv,PROP_temp64,HOTSPOT10_n64_s202701_m240_PROP_temp64_top16,20260913_prop_temp64_asap_uc_m5_200
64,Hotspot10,PROP,260,195.01997,195.000468,22.57530096,True,64/02_benchmarks/bc_hotspot_all_accepted.csv,PROP_temp64,HOTSPOT10_n64_s202701_m260_PROP_temp64_top16,20260913_prop_temp64_asap_uc_m5_200,64/02_benchmarks/bc_hotspot_latency_eligible.csv,PROP_temp64,HOTSPOT10_n64_s202701_m260_PROP_temp64_top16,20260913_prop_temp64_asap_uc_m5_200
64,Hotspot10,PROP,280,197.335186,197.295719,,False,64/02_benchmarks/bc_hotspot_all_accepted.csv,PROP_temp64,HOTSPOT10_n64_s202701_m280_PROP_temp64_top16,20260913_prop_temp64_asap_uc_m5_200,,,,
64,Hotspot10,PROP,300,231.618737,231.595575,28.905722859999997,True,64/02_benchmarks/bc_hotspot_all_accepted.csv,PROP_temp64,HOTSPOT10_n64_s202701_m300_PROP_temp64_top16,20260913_prop_temp64_asap_uc_m5_200,64/02_benchmarks/bc_hotspot_latency_eligible.csv,PROP_temp64,HOTSPOT10_n64_s202701_m300_PROP_temp64_top16,20260913_prop_temp64_asap_uc_m5_200
64,Hotspot10,PROP,320,224.303761,224.281331,36.10611556,True,64/02_benchmarks/bc_hotspot_all_accepted.csv,PROP_temp64,HOTSPOT10_n64_s202701_m320_PROP_temp64_top16,20260913_prop_temp64_asap_uc_m5_200,64/02_benchmarks/bc_hotspot_latency_eligible.csv,PROP_temp64,HOTSPOT10_n64_s202701_m320_PROP_temp64_top16,20260913_prop_temp64_asap_uc_m5_200
64,Hotspot10,PROP,340,231.756155,231.73298,40.646874679999996,True,64/02_benchmarks/bc_hotspot_all_accepted.csv,PROP_temp64,HOTSPOT10_n64_s202701_m340_PROP_temp64_top16,20260913_prop_temp64_asap_uc_m5_200,64/02_benchmarks/bc_hotspot_latency_eligible.csv,PROP_temp64,HOTSPOT10_n64_s202701_m340_PROP_temp64_top16,20260913_prop_temp64_asap_uc_m5_200
64,Hotspot10,PROP,360,272.212544,272.185322,49.6539077,True,64/02_benchmarks/bc_hotspot_all_accepted.csv,PROP_temp64,HOTSPOT10_n64_s202701_m360_PROP_temp64_top16,20260913_prop_temp64_asap_uc_m5_200,64/02_benchmarks/bc_hotspot_latency_eligible.csv,PROP_temp64,HOTSPOT10_n64_s202701_m360_PROP_temp64_top16,20260913_prop_temp64_asap_uc_m5_200
64,Hotspot10,PROP,380,283.16419,283.107557,,False,64/02_benchmarks/bc_hotspot_all_accepted.csv,PROP_temp64,HOTSPOT10_n64_s202701_m380_PROP_temp64_top16,20260913_prop_temp64_asap_uc_m5_200,,,,
64,Hotspot10,PROP,400,286.172161,286.092033,,False,64/02_benchmarks/bc_hotspot_all_accepted.csv,PROP_temp64,HOTSPOT10_n64_s202701_m400_PROP_temp64_top16,20260913_prop_temp64_asap_uc_m5_200,,,,
64,Hotspot10,PROP,420,305.892717,305.831539,,False,64/02_benchmarks/bc_hotspot_all_accepted.csv,PROP_temp64,HOTSPOT10_n64_s202701_m420_PROP_temp64_top16,20260913_prop_temp64_asap_uc_m5_200,,,,
64,Hotspot10,PROP,440,327.568134,327.227463,,False,64/02_benchmarks/bc_hotspot_all_accepted.csv,PROP_temp64,HOTSPOT10_n64_s202701_m440_PROP_temp64_top16,20260913_prop_temp64_asap_uc_m5_200,,,,
64,Hotspot10,PROP,460,331.60017,330.466097,,False,64/02_benchmarks/bc_hotspot_all_accepted.csv,PROP_temp64,HOTSPOT10_n64_s202701_m460_PROP_temp64_top16,20260913_prop_temp64_asap_uc_m5_200,,,,
64,Hotspot10,PROP,480,359.691529,353.922076,,False,64/02_benchmarks/bc_hotspot_all_accepted.csv,PROP_temp64,HOTSPOT10_n64_s202701_m480_PROP_temp64_top16,20260913_prop_temp64_asap_uc_m5_200,,,,
64,Hotspot10,PROP,500,345.227574,343.315013,,False,64/02_benchmarks/bc_hotspot_all_accepted.csv,PROP_temp64,HOTSPOT10_n64_s202701_m500_PROP_temp64_top16,20260913_prop_temp64_asap_uc_m5_200,,,,
64,Hotspot10,PROP,600,439.3982,379.429134,,False,64/02_benchmarks/bc_hotspot_all_accepted.csv,PROP_temp64,HOTSPOT10_n64_s202701_m600_PROP_temp64_top16,20260913_prop_temp64_asap_uc_m5_200,,,,
64,Hotspot10,PROP,700,517.041694,371.918432,,False,64/02_benchmarks/bc_hotspot_all_accepted.csv,PROP_temp64,HOTSPOT10_n64_s202701_m700_PROP_temp64_top16,20260913_prop_temp64_asap_uc_m5_200,,,,
64,Hotspot10,PROP,800,603.281853,361.064189,,False,64/02_benchmarks/bc_hotspot_all_accepted.csv,PROP_temp64,HOTSPOT10_n64_s202701_m800_PROP_temp64_top16,20260913_prop_temp64_asap_uc_m5_200,,,,
