section,paper_label,x_value,x_unit,metric,value,physical_class,source_file,source_design,source_case,source_run_id
dynamic_latency,Dynamic,5,M,mean_latency_ns,6.20785034,post-synthesis MAXIMUM-SDF,64/01_ur/pre_saturation_latency_accepted.csv,PROP_temp64,TOPO-UR_n64_s202701_m5_PROP_temp64_top16,20260913_prop_temp64_asap_uc_m5_200
dynamic_latency,Dynamic,100,M,mean_latency_ns,10.32558428,post-synthesis MAXIMUM-SDF,64/01_ur/pre_saturation_latency_accepted.csv,PROP_temp64,TOPO-UR_n64_s202701_m100_PROP_temp64_top16,20260913_prop_temp64_asap_uc_m5_200
dynamic_latency,Dynamic,420,M,mean_latency_ns,95.06044551999999,post-synthesis MAXIMUM-SDF,64/01_ur/pre_saturation_latency_accepted.csv,PROP_temp64,TOPO-UR_n64_s202701_m420_PROP_temp64_top16,20260913_prop_temp64_asap_uc_m5_200
async_sync_throughput,Async,3.672047,Mflit/s/port,delivered_mflit_s_per_port,3.67168,post-synthesis MAXIMUM-SDF,64/01_ur/throughput_all_accepted.csv,PROP_temp64,TOPO-UR_n64_s202701_m5_PROP_temp64_top16,20260913_prop_temp64_asap_uc_m5_200
async_sync_throughput,Async,6.823978,Mflit/s/port,delivered_mflit_s_per_port,6.823296,post-synthesis MAXIMUM-SDF,64/01_ur/throughput_all_accepted.csv,PROP_temp64,TOPO-UR_n64_s202701_m10_PROP_temp64_top16,20260913_prop_temp64_asap_uc_m5_200
async_sync_throughput,Async,14.846452,Mflit/s/port,delivered_mflit_s_per_port,14.844967,post-synthesis MAXIMUM-SDF,64/01_ur/throughput_all_accepted.csv,PROP_temp64,TOPO-UR_n64_s202701_m20_PROP_temp64_top16,20260913_prop_temp64_asap_uc_m5_200
async_sync_throughput,Async,31.804674,Mflit/s/port,delivered_mflit_s_per_port,31.801493,post-synthesis MAXIMUM-SDF,64/01_ur/throughput_all_accepted.csv,PROP_temp64,TOPO-UR_n64_s202701_m40_PROP_temp64_top16,20260913_prop_temp64_asap_uc_m5_200
async_sync_throughput,Async,44.740007,Mflit/s/port,delivered_mflit_s_per_port,44.735533,post-synthesis MAXIMUM-SDF,64/01_ur/throughput_all_accepted.csv,PROP_temp64,TOPO-UR_n64_s202701_m60_PROP_temp64_top16,20260913_prop_temp64_asap_uc_m5_200
async_sync_throughput,Async,58.398116,Mflit/s/port,delivered_mflit_s_per_port,58.392276,post-synthesis MAXIMUM-SDF,64/01_ur/throughput_all_accepted.csv,PROP_temp64,TOPO-UR_n64_s202701_m80_PROP_temp64_top16,20260913_prop_temp64_asap_uc_m5_200
async_sync_throughput,Async,75.731873,Mflit/s/port,delivered_mflit_s_per_port,75.7243,post-synthesis MAXIMUM-SDF,64/01_ur/throughput_all_accepted.csv,PROP_temp64,TOPO-UR_n64_s202701_m100_PROP_temp64_top16,20260913_prop_temp64_asap_uc_m5_200
async_sync_throughput,Async,86.892448,Mflit/s/port,delivered_mflit_s_per_port,86.883759,post-synthesis MAXIMUM-SDF,64/01_ur/throughput_all_accepted.csv,PROP_temp64,TOPO-UR_n64_s202701_m120_PROP_temp64_top16,20260913_prop_temp64_asap_uc_m5_200
async_sync_throughput,Async,102.660972,Mflit/s/port,delivered_mflit_s_per_port,102.650706,post-synthesis MAXIMUM-SDF,64/01_ur/throughput_all_accepted.csv,PROP_temp64,TOPO-UR_n64_s202701_m140_PROP_temp64_top16,20260913_prop_temp64_asap_uc_m5_200
async_sync_throughput,Async,127.03252,Mflit/s/port,delivered_mflit_s_per_port,127.019817,post-synthesis MAXIMUM-SDF,64/01_ur/throughput_all_accepted.csv,PROP_temp64,TOPO-UR_n64_s202701_m160_PROP_temp64_top16,20260913_prop_temp64_asap_uc_m5_200
async_sync_throughput,Async,144.568838,Mflit/s/port,delivered_mflit_s_per_port,144.554381,post-synthesis MAXIMUM-SDF,64/01_ur/throughput_all_accepted.csv,PROP_temp64,TOPO-UR_n64_s202701_m180_PROP_temp64_top16,20260913_prop_temp64_asap_uc_m5_200
async_sync_throughput,Async,153.607943,Mflit/s/port,delivered_mflit_s_per_port,153.558789,post-synthesis MAXIMUM-SDF,64/01_ur/throughput_all_accepted.csv,PROP_temp64,TOPO-UR_n64_s202701_m200_PROP_temp64_top16,20260913_prop_temp64_asap_uc_m5_200
async_sync_throughput,Async,168.518119,Mflit/s/port,delivered_mflit_s_per_port,168.484415,post-synthesis MAXIMUM-SDF,64/01_ur/throughput_all_accepted.csv,PROP_temp64,TOPO-UR_n64_s202701_m220_PROP_temp64_top16,20260913_prop_temp64_asap_uc_m5_200
async_sync_throughput,Async,177.315025,Mflit/s/port,delivered_mflit_s_per_port,177.297293,post-synthesis MAXIMUM-SDF,64/01_ur/throughput_all_accepted.csv,PROP_temp64,TOPO-UR_n64_s202701_m240_PROP_temp64_top16,20260913_prop_temp64_asap_uc_m5_200
async_sync_throughput,Async,199.247641,Mflit/s/port,delivered_mflit_s_per_port,199.227716,post-synthesis MAXIMUM-SDF,64/01_ur/throughput_all_accepted.csv,PROP_temp64,TOPO-UR_n64_s202701_m280_PROP_temp64_top16,20260913_prop_temp64_asap_uc_m5_200
async_sync_throughput,Async,204.141625,Mflit/s/port,delivered_mflit_s_per_port,204.121211,post-synthesis MAXIMUM-SDF,64/01_ur/throughput_all_accepted.csv,PROP_temp64,TOPO-UR_n64_s202701_m260_PROP_temp64_top16,20260913_prop_temp64_asap_uc_m5_200
async_sync_throughput,Async,226.383657,Mflit/s/port,delivered_mflit_s_per_port,226.361019,post-synthesis MAXIMUM-SDF,64/01_ur/throughput_all_accepted.csv,PROP_temp64,TOPO-UR_n64_s202701_m300_PROP_temp64_top16,20260913_prop_temp64_asap_uc_m5_200
async_sync_throughput,Async,230.729474,Mflit/s/port,delivered_mflit_s_per_port,230.706401,post-synthesis MAXIMUM-SDF,64/01_ur/throughput_all_accepted.csv,PROP_temp64,TOPO-UR_n64_s202701_m340_PROP_temp64_top16,20260913_prop_temp64_asap_uc_m5_200
async_sync_throughput,Async,236.384266,Mflit/s/port,delivered_mflit_s_per_port,236.360628,post-synthesis MAXIMUM-SDF,64/01_ur/throughput_all_accepted.csv,PROP_temp64,TOPO-UR_n64_s202701_m320_PROP_temp64_top16,20260913_prop_temp64_asap_uc_m5_200
async_sync_throughput,Async,266.729259,Mflit/s/port,delivered_mflit_s_per_port,266.702586,post-synthesis MAXIMUM-SDF,64/01_ur/throughput_all_accepted.csv,PROP_temp64,TOPO-UR_n64_s202701_m360_PROP_temp64_top16,20260913_prop_temp64_asap_uc_m5_200
async_sync_throughput,Async,276.646601,Mflit/s/port,delivered_mflit_s_per_port,276.591271,post-synthesis MAXIMUM-SDF,64/01_ur/throughput_all_accepted.csv,PROP_temp64,TOPO-UR_n64_s202701_m380_PROP_temp64_top16,20260913_prop_temp64_asap_uc_m5_200
async_sync_throughput,Async,289.030707,Mflit/s/port,delivered_mflit_s_per_port,288.926656,post-synthesis MAXIMUM-SDF,64/01_ur/throughput_all_accepted.csv,PROP_temp64,TOPO-UR_n64_s202701_m400_PROP_temp64_top16,20260913_prop_temp64_asap_uc_m5_200
async_sync_throughput,Async,302.224371,Mflit/s/port,delivered_mflit_s_per_port,302.194149,post-synthesis MAXIMUM-SDF,64/01_ur/throughput_all_accepted.csv,PROP_temp64,TOPO-UR_n64_s202701_m420_PROP_temp64_top16,20260913_prop_temp64_asap_uc_m5_200
async_sync_throughput,Async,335.012864,Mflit/s/port,delivered_mflit_s_per_port,334.490244,post-synthesis MAXIMUM-SDF,64/01_ur/throughput_all_accepted.csv,PROP_temp64,TOPO-UR_n64_s202701_m460_PROP_temp64_top16,20260913_prop_temp64_asap_uc_m5_200
async_sync_throughput,Async,346.298759,Mflit/s/port,delivered_mflit_s_per_port,345.474568,post-synthesis MAXIMUM-SDF,64/01_ur/throughput_all_accepted.csv,PROP_temp64,TOPO-UR_n64_s202701_m440_PROP_temp64_top16,20260913_prop_temp64_asap_uc_m5_200
async_sync_throughput,Async,350.650808,Mflit/s/port,delivered_mflit_s_per_port,348.974697,post-synthesis MAXIMUM-SDF,64/01_ur/throughput_all_accepted.csv,PROP_temp64,TOPO-UR_n64_s202701_m480_PROP_temp64_top16,20260913_prop_temp64_asap_uc_m5_200
async_sync_throughput,Async,369.910038,Mflit/s/port,delivered_mflit_s_per_port,362.844756,post-synthesis MAXIMUM-SDF,64/01_ur/throughput_all_accepted.csv,PROP_temp64,TOPO-UR_n64_s202701_m500_PROP_temp64_top16,20260913_prop_temp64_asap_uc_m5_200
async_sync_throughput,Async,422.983216,Mflit/s/port,delivered_mflit_s_per_port,379.195994,post-synthesis MAXIMUM-SDF,64/01_ur/throughput_all_accepted.csv,PROP_temp64,TOPO-UR_n64_s202701_m600_PROP_temp64_top16,20260913_prop_temp64_asap_uc_m5_200
async_sync_throughput,Async,547.477225,Mflit/s/port,delivered_mflit_s_per_port,370.532586,post-synthesis MAXIMUM-SDF,64/01_ur/throughput_all_accepted.csv,PROP_temp64,TOPO-UR_n64_s202701_m700_PROP_temp64_top16,20260913_prop_temp64_asap_uc_m5_200
async_sync_throughput,Async,604.215004,Mflit/s/port,delivered_mflit_s_per_port,355.858469,post-synthesis MAXIMUM-SDF,64/01_ur/throughput_all_accepted.csv,PROP_temp64,TOPO-UR_n64_s202701_m800_PROP_temp64_top16,20260913_prop_temp64_asap_uc_m5_200
async_sync_throughput,Sync,3.672064111301732,Mflit/s/port,delivered_mflit_s_per_port,3.671696904890602,post-synthesis MAXIMUM-SDF,64/07_sync_b8/ur_all_full_drain.csv,SYNC_PROP_temp64_B8,TOPO-UR_n64_s202701_m5_PROP_temp64_top16,
async_sync_throughput,Sync,6.824038083591737,Mflit/s/port,delivered_mflit_s_per_port,6.823355679783377,post-synthesis MAXIMUM-SDF,64/07_sync_b8/ur_all_full_drain.csv,SYNC_PROP_temp64_B8,TOPO-UR_n64_s202701_m10_PROP_temp64_top16,
async_sync_throughput,Sync,14.846734193572908,Mflit/s/port,delivered_mflit_s_per_port,14.845249520153551,post-synthesis MAXIMUM-SDF,64/07_sync_b8/ur_all_full_drain.csv,SYNC_PROP_temp64_B8,TOPO-UR_n64_s202701_m20_PROP_temp64_top16,
async_sync_throughput,Sync,31.8059683263445,Mflit/s/port,delivered_mflit_s_per_port,31.802787729511866,post-synthesis MAXIMUM-SDF,64/07_sync_b8/ur_all_full_drain.csv,SYNC_PROP_temp64_B8,TOPO-UR_n64_s202701_m40_PROP_temp64_top16,
async_sync_throughput,Sync,44.74256915411488,Mflit/s/port,delivered_mflit_s_per_port,44.738094897199474,post-synthesis MAXIMUM-SDF,64/07_sync_b8/ur_all_full_drain.csv,SYNC_PROP_temp64_B8,TOPO-UR_n64_s202701_m60_PROP_temp64_top16,
async_sync_throughput,Sync,58.402481871869625,Mflit/s/port,delivered_mflit_s_per_port,58.39664162368244,post-synthesis MAXIMUM-SDF,64/07_sync_b8/ur_all_full_drain.csv,SYNC_PROP_temp64_B8,TOPO-UR_n64_s202701_m80_PROP_temp64_top16,
async_sync_throughput,Sync,75.73921473582162,Mflit/s/port,delivered_mflit_s_per_port,75.73164081434804,post-synthesis MAXIMUM-SDF,64/07_sync_b8/ur_all_full_drain.csv,SYNC_PROP_temp64_B8,TOPO-UR_n64_s202701_m100_PROP_temp64_top16,
async_sync_throughput,Sync,86.90211345939933,Mflit/s/port,delivered_mflit_s_per_port,86.8934232480534,post-synthesis MAXIMUM-SDF,64/07_sync_b8/ur_all_full_drain.csv,SYNC_PROP_temp64_B8,TOPO-UR_n64_s202701_m120_PROP_temp64_top16,
async_sync_throughput,Sync,102.67446444999342,Mflit/s/port,delivered_mflit_s_per_port,102.66419700354842,post-synthesis MAXIMUM-SDF,64/07_sync_b8/ur_all_full_drain.csv,SYNC_PROP_temp64_B8,TOPO-UR_n64_s202701_m140_PROP_temp64_top16,
async_sync_throughput,Sync,127.05317937876077,Mflit/s/port,delivered_mflit_s_per_port,127.0404740608229,post-synthesis MAXIMUM-SDF,64/07_sync_b8/ur_all_full_drain.csv,SYNC_PROP_temp64_B8,TOPO-UR_n64_s202701_m160_PROP_temp64_top16,
async_sync_throughput,Sync,144.5955950397927,Mflit/s/port,delivered_mflit_s_per_port,144.58113548028874,post-synthesis MAXIMUM-SDF,64/07_sync_b8/ur_all_full_drain.csv,SYNC_PROP_temp64_B8,TOPO-UR_n64_s202701_m180_PROP_temp64_top16,
async_sync_throughput,Sync,153.63815142576203,Mflit/s/port,delivered_mflit_s_per_port,153.57976892822026,post-synthesis MAXIMUM-SDF,64/07_sync_b8/ur_all_full_drain.csv,SYNC_PROP_temp64_B8,TOPO-UR_n64_s202701_m200_PROP_temp64_top16,
async_sync_throughput,Sync,168.55447680690398,Mflit/s/port,delivered_mflit_s_per_port,168.5207659115426,post-synthesis MAXIMUM-SDF,64/07_sync_b8/ur_all_full_drain.csv,SYNC_PROP_temp64_B8,TOPO-UR_n64_s202701_m220_PROP_temp64_top16,
async_sync_throughput,Sync,177.35527809307604,Mflit/s/port,delivered_mflit_s_per_port,177.33754256526674,post-synthesis MAXIMUM-SDF,64/07_sync_b8/ur_all_full_drain.csv,SYNC_PROP_temp64_B8,TOPO-UR_n64_s202701_m240_PROP_temp64_top16,
async_sync_throughput,Sync,199.2984693877551,Mflit/s/port,delivered_mflit_s_per_port,199.27853954081633,post-synthesis MAXIMUM-SDF,64/07_sync_b8/ur_all_full_drain.csv,SYNC_PROP_temp64_B8,TOPO-UR_n64_s202701_m280_PROP_temp64_top16,
async_sync_throughput,Sync,204.19498170412965,Mflit/s/port,delivered_mflit_s_per_port,204.17456220595923,post-synthesis MAXIMUM-SDF,64/07_sync_b8/ur_all_full_drain.csv,SYNC_PROP_temp64_B8,TOPO-UR_n64_s202701_m260_PROP_temp64_top16,
async_sync_throughput,Sync,226.44927536231884,Mflit/s/port,delivered_mflit_s_per_port,226.4266304347826,post-synthesis MAXIMUM-SDF,64/07_sync_b8/ur_all_full_drain.csv,SYNC_PROP_temp64_B8,TOPO-UR_n64_s202701_m300_PROP_temp64_top16,
async_sync_throughput,Sync,230.7976366322009,Mflit/s/port,delivered_mflit_s_per_port,230.77455686853767,post-synthesis MAXIMUM-SDF,64/07_sync_b8/ur_all_full_drain.csv,SYNC_PROP_temp64_B8,TOPO-UR_n64_s202701_m340_PROP_temp64_top16,
async_sync_throughput,Sync,236.45581113801452,Mflit/s/port,delivered_mflit_s_per_port,236.4321655569007,post-synthesis MAXIMUM-SDF,64/07_sync_b8/ur_all_full_drain.csv,SYNC_PROP_temp64_B8,TOPO-UR_n64_s202701_m320_PROP_temp64_top16,
async_sync_throughput,Sync,266.82035519125685,Mflit/s/port,delivered_mflit_s_per_port,266.78300034153006,post-synthesis MAXIMUM-SDF,64/07_sync_b8/ur_all_full_drain.csv,SYNC_PROP_temp64_B8,TOPO-UR_n64_s202701_m360_PROP_temp64_top16,
async_sync_throughput,Sync,276.7445979454481,Mflit/s/port,delivered_mflit_s_per_port,276.689249025859,post-synthesis MAXIMUM-SDF,64/07_sync_b8/ur_all_full_drain.csv,SYNC_PROP_temp64_B8,TOPO-UR_n64_s202701_m380_PROP_temp64_top16,
async_sync_throughput,Sync,289.1376757957069,Mflit/s/port,delivered_mflit_s_per_port,289.04515173945225,post-synthesis MAXIMUM-SDF,64/07_sync_b8/ur_all_full_drain.csv,SYNC_PROP_temp64_B8,TOPO-UR_n64_s202701_m400_PROP_temp64_top16,
async_sync_throughput,Sync,302.34133126934984,Mflit/s/port,delivered_mflit_s_per_port,302.3110971362229,post-synthesis MAXIMUM-SDF,64/07_sync_b8/ur_all_full_drain.csv,SYNC_PROP_temp64_B8,TOPO-UR_n64_s202701_m420_PROP_temp64_top16,
async_sync_throughput,Sync,335.15658515658515,Mflit/s/port,delivered_mflit_s_per_port,334.4058344058344,post-synthesis MAXIMUM-SDF,64/07_sync_b8/ur_all_full_drain.csv,SYNC_PROP_temp64_B8,TOPO-UR_n64_s202701_m460_PROP_temp64_top16,
async_sync_throughput,Sync,346.4523281596452,Mflit/s/port,delivered_mflit_s_per_port,343.00166297117516,post-synthesis MAXIMUM-SDF,64/07_sync_b8/ur_all_full_drain.csv,SYNC_PROP_temp64_B8,TOPO-UR_n64_s202701_m440_PROP_temp64_top16,
async_sync_throughput,Sync,350.8082622361922,Mflit/s/port,delivered_mflit_s_per_port,348.53502469690164,post-synthesis MAXIMUM-SDF,64/07_sync_b8/ur_all_full_drain.csv,SYNC_PROP_temp64_B8,TOPO-UR_n64_s202701_m480_PROP_temp64_top16,
async_sync_throughput,Sync,370.08526764566557,Mflit/s/port,delivered_mflit_s_per_port,353.653481762198,post-synthesis MAXIMUM-SDF,64/07_sync_b8/ur_all_full_drain.csv,SYNC_PROP_temp64_B8,TOPO-UR_n64_s202701_m500_PROP_temp64_top16,
async_sync_throughput,Sync,423.21235102925243,Mflit/s/port,delivered_mflit_s_per_port,357.3435807150596,post-synthesis MAXIMUM-SDF,64/07_sync_b8/ur_all_full_drain.csv,SYNC_PROP_temp64_B8,TOPO-UR_n64_s202701_m600_PROP_temp64_top16,
async_sync_throughput,Sync,547.8611500701262,Mflit/s/port,delivered_mflit_s_per_port,358.6079943899018,post-synthesis MAXIMUM-SDF,64/07_sync_b8/ur_all_full_drain.csv,SYNC_PROP_temp64_B8,TOPO-UR_n64_s202701_m700_PROP_temp64_top16,
async_sync_throughput,Sync,604.6826625386997,Mflit/s/port,delivered_mflit_s_per_port,337.86039086687305,post-synthesis MAXIMUM-SDF,64/07_sync_b8/ur_all_full_drain.csv,SYNC_PROP_temp64_B8,TOPO-UR_n64_s202701_m800_PROP_temp64_top16,
async_sync_latency,Async,3.672047,Mflit/s/port,mean_latency_ns,6.20785034,post-synthesis MAXIMUM-SDF,64/01_ur/pre_saturation_latency_accepted.csv,PROP_temp64,TOPO-UR_n64_s202701_m5_PROP_temp64_top16,20260913_prop_temp64_asap_uc_m5_200
async_sync_latency,Async,6.823978,Mflit/s/port,mean_latency_ns,6.3815734,post-synthesis MAXIMUM-SDF,64/01_ur/pre_saturation_latency_accepted.csv,PROP_temp64,TOPO-UR_n64_s202701_m10_PROP_temp64_top16,20260913_prop_temp64_asap_uc_m5_200
async_sync_latency,Async,14.846452,Mflit/s/port,mean_latency_ns,6.733243880000001,post-synthesis MAXIMUM-SDF,64/01_ur/pre_saturation_latency_accepted.csv,PROP_temp64,TOPO-UR_n64_s202701_m20_PROP_temp64_top16,20260913_prop_temp64_asap_uc_m5_200
async_sync_latency,Async,31.804674,Mflit/s/port,mean_latency_ns,7.53988998,post-synthesis MAXIMUM-SDF,64/01_ur/pre_saturation_latency_accepted.csv,PROP_temp64,TOPO-UR_n64_s202701_m40_PROP_temp64_top16,20260913_prop_temp64_asap_uc_m5_200
async_sync_latency,Async,44.740007,Mflit/s/port,mean_latency_ns,8.3609451,post-synthesis MAXIMUM-SDF,64/01_ur/pre_saturation_latency_accepted.csv,PROP_temp64,TOPO-UR_n64_s202701_m60_PROP_temp64_top16,20260913_prop_temp64_asap_uc_m5_200
async_sync_latency,Async,58.398116,Mflit/s/port,mean_latency_ns,9.24290126,post-synthesis MAXIMUM-SDF,64/01_ur/pre_saturation_latency_accepted.csv,PROP_temp64,TOPO-UR_n64_s202701_m80_PROP_temp64_top16,20260913_prop_temp64_asap_uc_m5_200
async_sync_latency,Async,75.731873,Mflit/s/port,mean_latency_ns,10.32558428,post-synthesis MAXIMUM-SDF,64/01_ur/pre_saturation_latency_accepted.csv,PROP_temp64,TOPO-UR_n64_s202701_m100_PROP_temp64_top16,20260913_prop_temp64_asap_uc_m5_200
async_sync_latency,Async,86.892448,Mflit/s/port,mean_latency_ns,11.34338514,post-synthesis MAXIMUM-SDF,64/01_ur/pre_saturation_latency_accepted.csv,PROP_temp64,TOPO-UR_n64_s202701_m120_PROP_temp64_top16,20260913_prop_temp64_asap_uc_m5_200
async_sync_latency,Async,102.660972,Mflit/s/port,mean_latency_ns,12.033034879999999,post-synthesis MAXIMUM-SDF,64/01_ur/pre_saturation_latency_accepted.csv,PROP_temp64,TOPO-UR_n64_s202701_m140_PROP_temp64_top16,20260913_prop_temp64_asap_uc_m5_200
async_sync_latency,Async,127.03252,Mflit/s/port,mean_latency_ns,14.097142439999999,post-synthesis MAXIMUM-SDF,64/01_ur/pre_saturation_latency_accepted.csv,PROP_temp64,TOPO-UR_n64_s202701_m160_PROP_temp64_top16,20260913_prop_temp64_asap_uc_m5_200
async_sync_latency,Async,144.568838,Mflit/s/port,mean_latency_ns,14.76297528,post-synthesis MAXIMUM-SDF,64/01_ur/pre_saturation_latency_accepted.csv,PROP_temp64,TOPO-UR_n64_s202701_m180_PROP_temp64_top16,20260913_prop_temp64_asap_uc_m5_200
async_sync_latency,Async,177.315025,Mflit/s/port,mean_latency_ns,20.43886222,post-synthesis MAXIMUM-SDF,64/01_ur/pre_saturation_latency_accepted.csv,PROP_temp64,TOPO-UR_n64_s202701_m240_PROP_temp64_top16,20260913_prop_temp64_asap_uc_m5_200
async_sync_latency,Async,199.247641,Mflit/s/port,mean_latency_ns,24.905922200000003,post-synthesis MAXIMUM-SDF,64/01_ur/pre_saturation_latency_accepted.csv,PROP_temp64,TOPO-UR_n64_s202701_m280_PROP_temp64_top16,20260913_prop_temp64_asap_uc_m5_200
async_sync_latency,Async,204.141625,Mflit/s/port,mean_latency_ns,21.797584160000003,post-synthesis MAXIMUM-SDF,64/01_ur/pre_saturation_latency_accepted.csv,PROP_temp64,TOPO-UR_n64_s202701_m260_PROP_temp64_top16,20260913_prop_temp64_asap_uc_m5_200
async_sync_latency,Async,226.383657,Mflit/s/port,mean_latency_ns,28.377622480000003,post-synthesis MAXIMUM-SDF,64/01_ur/pre_saturation_latency_accepted.csv,PROP_temp64,TOPO-UR_n64_s202701_m300_PROP_temp64_top16,20260913_prop_temp64_asap_uc_m5_200
async_sync_latency,Async,230.729474,Mflit/s/port,mean_latency_ns,38.717402119999996,post-synthesis MAXIMUM-SDF,64/01_ur/pre_saturation_latency_accepted.csv,PROP_temp64,TOPO-UR_n64_s202701_m340_PROP_temp64_top16,20260913_prop_temp64_asap_uc_m5_200
async_sync_latency,Async,236.384266,Mflit/s/port,mean_latency_ns,33.72061274,post-synthesis MAXIMUM-SDF,64/01_ur/pre_saturation_latency_accepted.csv,PROP_temp64,TOPO-UR_n64_s202701_m320_PROP_temp64_top16,20260913_prop_temp64_asap_uc_m5_200
async_sync_latency,Async,266.729259,Mflit/s/port,mean_latency_ns,54.09876902,post-synthesis MAXIMUM-SDF,64/01_ur/pre_saturation_latency_accepted.csv,PROP_temp64,TOPO-UR_n64_s202701_m360_PROP_temp64_top16,20260913_prop_temp64_asap_uc_m5_200
async_sync_latency,Async,302.224371,Mflit/s/port,mean_latency_ns,95.06044551999999,post-synthesis MAXIMUM-SDF,64/01_ur/pre_saturation_latency_accepted.csv,PROP_temp64,TOPO-UR_n64_s202701_m420_PROP_temp64_top16,20260913_prop_temp64_asap_uc_m5_200
async_sync_latency,Sync,3.672064111301732,Mflit/s/port,mean_latency_ns,8.48221232,post-synthesis MAXIMUM-SDF,64/07_sync_b8/ur_pre_saturation_latency.csv,SYNC_PROP_temp64_B8,TOPO-UR_n64_s202701_m5_PROP_temp64_top16,
async_sync_latency,Sync,6.824038083591737,Mflit/s/port,mean_latency_ns,8.66694226,post-synthesis MAXIMUM-SDF,64/07_sync_b8/ur_pre_saturation_latency.csv,SYNC_PROP_temp64_B8,TOPO-UR_n64_s202701_m10_PROP_temp64_top16,
async_sync_latency,Sync,14.846734193572908,Mflit/s/port,mean_latency_ns,9.07484268,post-synthesis MAXIMUM-SDF,64/07_sync_b8/ur_pre_saturation_latency.csv,SYNC_PROP_temp64_B8,TOPO-UR_n64_s202701_m20_PROP_temp64_top16,
async_sync_latency,Sync,31.8059683263445,Mflit/s/port,mean_latency_ns,10.131322280000001,post-synthesis MAXIMUM-SDF,64/07_sync_b8/ur_pre_saturation_latency.csv,SYNC_PROP_temp64_B8,TOPO-UR_n64_s202701_m40_PROP_temp64_top16,
async_sync_latency,Sync,44.74256915411488,Mflit/s/port,mean_latency_ns,11.12736448,post-synthesis MAXIMUM-SDF,64/07_sync_b8/ur_pre_saturation_latency.csv,SYNC_PROP_temp64_B8,TOPO-UR_n64_s202701_m60_PROP_temp64_top16,
async_sync_latency,Sync,58.402481871869625,Mflit/s/port,mean_latency_ns,12.10051798,post-synthesis MAXIMUM-SDF,64/07_sync_b8/ur_pre_saturation_latency.csv,SYNC_PROP_temp64_B8,TOPO-UR_n64_s202701_m80_PROP_temp64_top16,
async_sync_latency,Sync,75.73921473582162,Mflit/s/port,mean_latency_ns,13.34951244,post-synthesis MAXIMUM-SDF,64/07_sync_b8/ur_pre_saturation_latency.csv,SYNC_PROP_temp64_B8,TOPO-UR_n64_s202701_m100_PROP_temp64_top16,
async_sync_latency,Sync,86.90211345939933,Mflit/s/port,mean_latency_ns,14.77123448,post-synthesis MAXIMUM-SDF,64/07_sync_b8/ur_pre_saturation_latency.csv,SYNC_PROP_temp64_B8,TOPO-UR_n64_s202701_m120_PROP_temp64_top16,
async_sync_latency,Sync,102.67446444999342,Mflit/s/port,mean_latency_ns,15.782633319999999,post-synthesis MAXIMUM-SDF,64/07_sync_b8/ur_pre_saturation_latency.csv,SYNC_PROP_temp64_B8,TOPO-UR_n64_s202701_m140_PROP_temp64_top16,
async_sync_latency,Sync,127.05317937876077,Mflit/s/port,mean_latency_ns,17.501108079999998,post-synthesis MAXIMUM-SDF,64/07_sync_b8/ur_pre_saturation_latency.csv,SYNC_PROP_temp64_B8,TOPO-UR_n64_s202701_m160_PROP_temp64_top16,
async_sync_latency,Sync,144.5955950397927,Mflit/s/port,mean_latency_ns,19.215517180000003,post-synthesis MAXIMUM-SDF,64/07_sync_b8/ur_pre_saturation_latency.csv,SYNC_PROP_temp64_B8,TOPO-UR_n64_s202701_m180_PROP_temp64_top16,
async_sync_latency,Sync,177.35527809307604,Mflit/s/port,mean_latency_ns,24.70658928,post-synthesis MAXIMUM-SDF,64/07_sync_b8/ur_pre_saturation_latency.csv,SYNC_PROP_temp64_B8,TOPO-UR_n64_s202701_m240_PROP_temp64_top16,
async_sync_latency,Sync,199.2984693877551,Mflit/s/port,mean_latency_ns,28.79326806,post-synthesis MAXIMUM-SDF,64/07_sync_b8/ur_pre_saturation_latency.csv,SYNC_PROP_temp64_B8,TOPO-UR_n64_s202701_m280_PROP_temp64_top16,
async_sync_latency,Sync,204.19498170412965,Mflit/s/port,mean_latency_ns,26.95127414,post-synthesis MAXIMUM-SDF,64/07_sync_b8/ur_pre_saturation_latency.csv,SYNC_PROP_temp64_B8,TOPO-UR_n64_s202701_m260_PROP_temp64_top16,
async_sync_latency,Sync,226.44927536231884,Mflit/s/port,mean_latency_ns,34.37327296,post-synthesis MAXIMUM-SDF,64/07_sync_b8/ur_pre_saturation_latency.csv,SYNC_PROP_temp64_B8,TOPO-UR_n64_s202701_m300_PROP_temp64_top16,
async_sync_latency,Sync,230.7976366322009,Mflit/s/port,mean_latency_ns,47.233482640000005,post-synthesis MAXIMUM-SDF,64/07_sync_b8/ur_pre_saturation_latency.csv,SYNC_PROP_temp64_B8,TOPO-UR_n64_s202701_m340_PROP_temp64_top16,
async_sync_latency,Sync,236.45581113801452,Mflit/s/port,mean_latency_ns,37.38953764,post-synthesis MAXIMUM-SDF,64/07_sync_b8/ur_pre_saturation_latency.csv,SYNC_PROP_temp64_B8,TOPO-UR_n64_s202701_m320_PROP_temp64_top16,
async_sync_latency,Sync,266.82035519125685,Mflit/s/port,mean_latency_ns,60.15642692,post-synthesis MAXIMUM-SDF,64/07_sync_b8/ur_pre_saturation_latency.csv,SYNC_PROP_temp64_B8,TOPO-UR_n64_s202701_m360_PROP_temp64_top16,
async_sync_latency,Sync,302.34133126934984,Mflit/s/port,mean_latency_ns,116.86065196,post-synthesis MAXIMUM-SDF,64/07_sync_b8/ur_pre_saturation_latency.csv,SYNC_PROP_temp64_B8,TOPO-UR_n64_s202701_m420_PROP_temp64_top16,
router_lane_scaling,Async,1,parent lanes,aggregate_throughput_gflit_s,1.197483,MAXIMUM-SDF aggregate; c1p4 PPA is post-synthesis PT-PX,64/06_router/router_lane_scaling.csv,async_c1p1,,
router_lane_scaling,Async,2,parent lanes,aggregate_throughput_gflit_s,1.874664,MAXIMUM-SDF aggregate; c1p4 PPA is post-synthesis PT-PX,64/06_router/router_lane_scaling.csv,async_c1p2,,
router_lane_scaling,Async,4,parent lanes,aggregate_throughput_gflit_s,3.001346,MAXIMUM-SDF aggregate; c1p4 PPA is post-synthesis PT-PX,64/06_router/router_lane_scaling.csv,async_c1p4,,
topology_power_m100,Mesh,100,M,total_pj_per_delivered_flit,15.166036603660368,post-synthesis time-based PT-PX estimate,64/05_ppa_power/network_power_async_accepted.csv,FM64,,20260913_104506_cmr_fm64_rpsdel150
topology_power_m100,PROP,100,M,total_pj_per_delivered_flit,13.35023902390239,post-synthesis time-based PT-PX estimate,64/05_ppa_power/network_power_async_accepted.csv,PROP_temp64,,20260913_prop_temp64_asap_uc_m5_200
topology_power_m100,FAT,100,M,total_pj_per_delivered_flit,10.70907890789079,post-synthesis time-based PT-PX estimate,64/05_ppa_power/network_power_async_accepted.csv,PFAT64,,20260915_080229_cmr_pfat64_rpsdel050_1248
topology_power_m100,Mesh,100,M,total_power_w,0.0735,post-synthesis time-based PT-PX estimate,64/05_ppa_power/network_power_async_accepted.csv,FM64,,20260913_104506_cmr_fm64_rpsdel150
topology_power_m100,PROP,100,M,total_power_w,0.0647,post-synthesis time-based PT-PX estimate,64/05_ppa_power/network_power_async_accepted.csv,PROP_temp64,,20260913_prop_temp64_asap_uc_m5_200
topology_power_m100,FAT,100,M,total_power_w,0.0519,post-synthesis time-based PT-PX estimate,64/05_ppa_power/network_power_async_accepted.csv,PFAT64,,20260915_080229_cmr_pfat64_rpsdel050_1248
