port,pkt_seq,tail_flit,head_ingress_ack_ps,tail_egress_req_ps,tail_capture_ps,network_latency_ns
0,0,4004000,230200,272000,272200,41.800000
0,15,420c003,2930200,2972000,2972200,41.800000
0,35,4300003,7890200,7932000,7932200,41.800000
0,48,4000000,9590200,9630400,9630600,40.200000
0,74,4000002,14250200,14292000,14292200,41.800000
0,78,4000002,15370200,15412000,15412200,41.800000
0,102,4000002,19850200,19892000,19892200,41.800000
0,114,4000002,21730200,21772000,21772200,41.800000
0,117,4100001,22030200,22075800,22076000,45.600000
0,127,4000003,24190200,24232000,24232200,41.800000
0,164,4000000,30170200,30212000,30212200,41.800000
0,173,4000001,31910200,31950400,31950600,40.200000
0,175,4000003,32050200,32092000,32092200,41.800000
0,206,4000002,38690200,38732000,38732200,41.800000
0,212,4000000,39590200,39632000,39632200,41.800000
0,228,4000000,41610200,41650400,41650600,40.200000
0,234,4000002,41930200,41972000,41972200,41.800000
0,263,4000003,45830200,45872000,45872200,41.800000
0,294,4000002,52210200,52252000,52252200,41.800000
0,304,4000000,53550200,53592000,53592200,41.800000
0,320,4000000,55850200,55892000,55892200,41.800000
0,326,4000002,56810200,56852000,56852200,41.800000
0,332,4000000,58050200,58092000,58092200,41.800000
0,361,4000001,64270200,64312000,64312200,41.800000
0,376,4000000,67710200,67752000,67752200,41.800000
0,382,4000002,68830200,68872000,68872200,41.800000
0,389,4000001,69570200,69610400,69610600,40.200000
0,398,4000002,70670200,70712000,70712200,41.800000
0,413,410c001,73530200,73572000,73572200,41.800000
0,424,4008000,75090200,75130400,75130600,40.200000
0,427,4000003,75550200,75592000,75592200,41.800000
0,430,4000002,76010200,76052000,76052200,41.800000
0,444,420c000,79030200,79072000,79072200,41.800000
0,485,4000001,85950200,85990400,85990600,40.200000
0,486,4000002,85950200,85992800,85993000,42.600000
0,511,4000003,89690200,89732000,89732200,41.800000
0,517,4000001,91250200,91292000,91292200,41.800000
0,527,4000003,93390200,93432000,93432200,41.800000
0,534,4000002,94950200,94992000,94992200,41.800000
0,550,4000002,98250200,98292000,98292200,41.800000
0,554,4000002,98970200,99012000,99012200,41.800000
0,572,4000000,102750200,102792000,102792200,41.800000
0,577,4000001,103530200,103570400,103570600,40.200000
0,581,4000001,104010200,104050400,104050600,40.200000
0,594,4000002,105530200,105570400,105570600,40.200000
0,599,4000003,107770200,107812000,107812200,41.800000
0,609,4000001,109730200,109770400,109770600,40.200000
0,638,4000002,114750200,114790400,114790600,40.200000
0,643,4000003,116670200,116712000,116712200,41.800000
0,654,4000002,119370200,119412000,119412200,41.800000
0,660,4000000,120530200,120577200,120577400,47.000000
0,661,4000001,120590200,120632000,120632200,41.800000
0,714,4000002,132950200,132992000,132992200,41.800000
0,719,4000003,133930200,133972000,133972200,41.800000
0,734,4000002,136870200,136910400,136910600,40.200000
0,785,4000001,145010200,145050400,145050600,40.200000
0,851,4000003,158650200,158692000,158692200,41.800000
0,860,4000000,160010200,160052000,160052200,41.800000
0,907,4000003,169650200,169690400,169690600,40.200000
0,908,410c000,169950200,169992000,169992200,41.800000
0,917,4000001,171890200,171932000,171932200,41.800000
0,925,4000001,172530200,172572000,172572200,41.800000
0,932,4000000,174090200,174130400,174130600,40.200000
0,940,4000000,175470200,175512000,175512200,41.800000
0,950,4000002,177270200,177312000,177312200,41.800000
0,952,4000000,177550200,177590400,177590600,40.200000
0,963,4000003,179590200,179630400,179630600,40.200000
0,979,4000003,181650200,181692000,181692200,41.800000
1,0,4004000,230200,272000,272200,41.800000
1,1,4004005,450200,492000,492200,41.800000
1,6,4004006,1510200,1552000,1552200,41.800000
1,15,420c003,2930200,2972000,2972200,41.800000
1,59,4004007,11490200,11532000,11532200,41.800000
1,88,4004004,17430200,17472000,17472200,41.800000
1,89,4004005,17490200,17532000,17532200,41.800000
1,91,4004007,17630200,17672000,17672200,41.800000
1,104,4004004,20230200,20272000,20272200,41.800000
1,116,4004004,22030200,22072000,22072200,41.800000
1,133,4004005,24910200,24952000,24952200,41.800000
1,166,4204006,30290200,30332000,30332200,41.800000
1,169,4104005,30810200,30852000,30852200,41.800000
1,196,4004004,37190200,37232000,37232200,41.800000
1,198,4004006,37490200,37532000,37532200,41.800000
1,265,4004005,46130200,46172000,46172200,41.800000
1,288,4004004,50730200,50772000,50772200,41.800000
1,302,4004006,53270200,53312000,53312200,41.800000
1,313,4004005,54530200,54570400,54570600,40.200000
1,333,4004005,58090200,58130400,58130600,40.200000
1,347,4004007,62390200,62430400,62430600,40.200000
1,355,4004007,63410200,63452000,63452200,41.800000
1,392,4004004,70150200,70192000,70192200,41.800000
1,413,410c001,73530200,73572000,73572200,41.800000
1,414,4004006,73590200,73632000,73632200,41.800000
1,424,4008000,75090200,75130400,75130600,40.200000
1,432,410c004,76150200,76190400,76190600,40.200000
1,444,420c000,79030200,79072000,79072200,41.800000
1,473,4004005,83930200,83972000,83972200,41.800000
1,480,4004004,85290200,85332000,85332200,41.800000
1,491,4004007,86730200,86772000,86772200,41.800000
1,495,4004007,86890200,86932000,86932200,41.800000
1,503,4004007,88210200,88252000,88252200,41.800000
1,525,4004005,93270200,93312000,93312200,41.800000
1,541,4004005,96770200,96812000,96812200,41.800000
1,560,4004004,100410200,100452000,100452200,41.800000
1,562,4004006,101210200,101250400,101250600,40.200000
1,567,4004007,101990200,102032000,102032200,41.800000
1,603,4004007,108770200,108812000,108812200,41.800000
1,617,4004005,111390200,111432000,111432200,41.800000
1,627,4004007,112470200,112512000,112512200,41.800000
1,669,4004005,122570200,122612000,122612200,41.800000
1,700,4004004,129010200,129052000,129052200,41.800000
1,724,4004004,135150200,135192000,135192200,41.800000
1,728,4004004,135470200,135512000,135512200,41.800000
1,746,4004006,139190200,139232000,139232200,41.800000
1,749,4104005,139790200,139832000,139832200,41.800000
1,784,4004004,144990200,145032000,145032200,41.800000
1,790,4004006,146190200,146230400,146230600,40.200000
1,804,4004004,148410200,148452000,148452200,41.800000
1,815,4004007,150310200,150352000,150352200,41.800000
1,843,4004007,156830200,156870400,156870600,40.200000
1,867,4004007,161750200,161792000,161792200,41.800000
1,872,4004004,162470200,162512000,162512200,41.800000
1,882,4004006,163410200,163452000,163452200,41.800000
1,886,4004006,164530200,164572000,164572200,41.800000
1,894,4004006,166110200,166152000,166152200,41.800000
1,908,410c000,169950200,169992000,169992200,41.800000
1,937,4004005,174950200,174992000,174992200,41.800000
1,961,4004005,178750200,178790400,178790600,40.200000
1,990,4004006,182950200,182992000,182992200,41.800000
1,993,4004005,183650200,183692000,183692200,41.800000
2,15,420c003,2930200,2972000,2972200,41.800000
2,18,400800a,3190200,3232000,3232200,41.800000
2,31,400800b,6610200,6652000,6652200,41.800000
2,64,4008008,12770200,12812000,12812200,41.800000
2,168,4008008,30650200,30692000,30692200,41.800000
2,174,400800a,31930200,31970400,31970600,40.200000
2,190,400800a,35470200,35510400,35510600,40.200000
2,211,400800b,39570200,39612000,39612200,41.800000
2,224,4008008,41430200,41472000,41472200,41.800000
2,238,400800a,42490200,42530400,42530600,40.200000
2,243,400800b,43850200,43892000,43892200,41.800000
2,250,400800a,44490200,44532000,44532200,41.800000
2,259,400800b,45230200,45272000,45272200,41.800000
2,276,4008008,48370200,48412000,48412200,41.800000
2,292,4008008,51930200,51972000,51972200,41.800000
2,293,4008009,52130200,52172000,52172200,41.800000
2,301,4008009,52770200,52812000,52812200,41.800000
2,311,400800b,54450200,54492000,54492200,41.800000
2,339,400800b,60430200,60470400,60470600,40.200000
2,366,400800a,65730200,65772000,65772200,41.800000
2,373,4008009,67190200,67232000,67232200,41.800000
2,391,400800b,69610200,69650400,69650600,40.200000
2,393,4008009,70150200,70192000,70192200,41.800000
2,413,410c001,73530200,73572000,73572200,41.800000
2,424,4008000,75090200,75132000,75132200,41.800000
2,432,410c004,76150200,76192000,76192200,41.800000
2,442,400800a,78610200,78652000,78652200,41.800000
2,444,420c000,79030200,79072000,79072200,41.800000
2,460,4008008,82030200,82072000,82072200,41.800000
2,490,400800a,86510200,86550400,86550600,40.200000
2,493,4008009,86790200,86832000,86832200,41.800000
2,499,400800b,87590200,87630400,87630600,40.200000
2,514,400800a,90190200,90232000,90232200,41.800000
2,537,4008009,95270200,95312000,95312200,41.800000
2,589,4008009,105110200,105152000,105152200,41.800000
2,621,4008009,111730200,111772000,111772200,41.800000
2,672,4008008,123430200,123470400,123470600,40.200000
2,699,400800b,128990200,129032000,129032200,41.800000
2,712,4008008,132830200,132872000,132872200,41.800000
2,716,4008008,133130200,133172000,133172200,41.800000
2,717,4008009,133230200,133272000,133272200,41.800000
2,718,400800a,133290200,133330400,133330600,40.200000
2,723,400800b,134270200,134312000,134312200,41.800000
2,760,4008008,141250200,141292000,141292200,41.800000
2,767,400800b,142030200,142072000,142072200,41.800000
2,770,400800a,142390200,142432000,142432200,41.800000
2,773,420c009,143230200,143272000,143272200,41.800000
2,788,4008008,145710200,145752000,145752200,41.800000
2,793,4008009,146390200,146430400,146430600,40.200000
2,806,400800a,148550200,148592000,148592200,41.800000
2,824,420c008,151550200,151592000,151592200,41.800000
2,837,4008009,155750200,155790400,155790600,40.200000
2,846,400800a,157210200,157252000,157252200,41.800000
2,857,4008009,159810200,159852000,159852200,41.800000
2,863,400800b,160970200,161012000,161012200,41.800000
2,868,4008008,161850200,161892000,161892200,41.800000
2,897,4008009,166650200,166692000,166692200,41.800000
2,898,400800a,166950200,166992000,166992200,41.800000
2,903,400800b,168310200,168350400,168350600,40.200000
2,908,410c000,169950200,169992000,169992200,41.800000
2,910,400800a,170250200,170292000,170292200,41.800000
2,916,4008008,171710200,171752000,171752200,41.800000
2,949,4008009,177090200,177132000,177132200,41.800000
2,954,400800a,178290200,178332000,178332200,41.800000
2,982,400800a,182170200,182212000,182212200,41.800000
3,12,400c00c,2790200,2832000,2832200,41.800000
3,15,420c003,2930200,2972000,2972200,41.800000
3,37,400c00d,8230200,8272000,8272200,41.800000
3,40,400c00c,8610200,8652000,8652200,41.800000
3,60,400c00c,11530200,11572000,11572200,41.800000
3,73,400c00d,14110200,14152000,14152200,41.800000
3,86,400c00e,16910200,16952000,16952200,41.800000
3,87,400c00f,16950200,16992000,16992200,41.800000
3,123,400c00f,23470200,23512000,23512200,41.800000
3,124,400c00c,23630200,23672000,23672200,41.800000
3,131,400c00f,24630200,24670400,24670600,40.200000
3,138,400c00e,25590200,25632000,25632200,41.800000
3,139,400c00f,25630200,25670400,25670600,40.200000
3,171,400c00f,31650200,31692000,31692200,41.800000
3,184,400c00c,33830200,33872000,33872200,41.800000
3,240,400c00c,43510200,43550400,43550600,40.200000
3,245,400c00d,43930200,43972000,43972200,41.800000
3,268,400c00c,46870200,46912000,46912200,41.800000
3,269,400c00d,46890200,46932000,46932200,41.800000
3,279,400c00f,48790200,48832000,48832200,41.800000
3,319,400c00f,55690200,55732000,55732200,41.800000
3,327,400c00f,57050200,57092000,57092200,41.800000
3,356,400c00c,63450200,63492000,63492200,41.800000
3,404,400c00c,72050200,72090400,72090600,40.200000
3,413,410c001,73530200,73572000,73572200,41.800000
3,432,410c004,76150200,76192000,76192200,41.800000
3,444,420c000,79030200,79072000,79072200,41.800000
3,447,400c00f,79750200,79790400,79790600,40.200000
3,451,400c00f,80530200,80572000,80572200,41.800000
3,462,400c00e,82590200,82630400,82630600,40.200000
3,464,400c00c,82830200,82872000,82872200,41.800000
3,465,400c00d,82930200,82970400,82970600,40.200000
3,483,400c00f,85550200,85592000,85592200,41.800000
3,515,400c00f,90550200,90592000,90592200,41.800000
3,518,400c00e,91310200,91350400,91350600,40.200000
3,522,400c00e,92710200,92752000,92752200,41.800000
3,526,400c00e,93290200,93332000,93332200,41.800000
3,566,400c00e,101890200,101930400,101930600,40.200000
3,573,400c00d,103030200,103072000,103072200,41.800000
3,575,400c00f,103490200,103532000,103532200,41.800000
3,580,400c00c,103950200,103992000,103992200,41.800000
3,600,400c00c,108410200,108452000,108452200,41.800000
3,606,400c00e,109270200,109312000,109312200,41.800000
3,616,400c00c,111370200,111410400,111410600,40.200000
3,619,400c00f,111590200,111632000,111632200,41.800000
3,620,400c00c,111670200,111712000,111712200,41.800000
3,640,400c00c,115390200,115430400,115430600,40.200000
3,684,400c00c,125690200,125730400,125730600,40.200000
3,687,400c00f,126330200,126372000,126372200,41.800000
3,691,410c00f,127610200,127652000,127652200,41.800000
3,697,400c00d,128310200,128352000,128352200,41.800000
3,705,400c00d,130790200,130832000,130832200,41.800000
3,709,400c00d,131930200,131972000,131972200,41.800000
3,710,400c00e,131970200,132012000,132012200,41.800000
3,711,400c00f,132310200,132352000,132352200,41.800000
3,743,400c00f,138510200,138552000,138552200,41.800000
3,748,400c00c,139670200,139712000,139712200,41.800000
3,753,400c00d,140170200,140210400,140210600,40.200000
3,763,400c00f,141690200,141732000,141732200,41.800000
3,766,400c00e,142030200,142070400,142070600,40.200000
3,773,420c009,143230200,143272000,143272200,41.800000
3,780,400c00c,144230200,144272000,144272200,41.800000
3,799,400c00f,147650200,147690400,147690600,40.200000
3,822,400c00e,151410200,151452000,151452200,41.800000
3,824,420c008,151550200,151592000,151592200,41.800000
3,825,400c00d,151610200,151652000,151652200,41.800000
3,826,400c00e,151990200,152032000,152032200,41.800000
3,847,400c00f,157450200,157492000,157492200,41.800000
3,876,400c00c,162670200,162712000,162712200,41.800000
3,908,410c000,169950200,169992000,169992200,41.800000
3,921,400c00d,172330200,172372000,172372200,41.800000
3,967,400c00f,179810200,179852000,179852200,41.800000
3,971,400c00f,180130200,180172000,180172200,41.800000
3,972,400c00c,180470200,180512000,180512200,41.800000
4,7,4100103,1770200,1812000,1812200,41.800000
4,13,420c101,2830200,2872000,2872200,41.800000
4,15,420c003,2930200,2972000,2972200,41.800000
4,35,4300003,7890200,7932000,7932200,41.800000
4,42,4100102,8790200,8832000,8832200,41.800000
4,46,4300102,9550200,9592000,9592200,41.800000
4,53,4100101,10090200,10132000,10132200,41.800000
4,72,4204100,13770200,13812000,13812200,41.800000
4,75,4100103,14290200,14332000,14332200,41.800000
4,77,4100101,15250200,15292000,15292200,41.800000
4,83,4100103,15950200,15992000,15992200,41.800000
4,106,4100102,20310200,20352000,20352200,41.800000
4,117,4100001,22030200,22075800,22076000,45.600000
4,126,4100102,24090200,24132000,24132200,41.800000
4,142,4100102,26030200,26072000,26072200,41.800000
4,167,4100103,30430200,30472000,30472200,41.800000
4,186,4100102,34150200,34190400,34190600,40.200000
4,201,4100101,37630200,37670400,37670600,40.200000
4,203,4100103,38010200,38052000,38052200,41.800000
4,223,4100103,41390200,41432000,41432200,41.800000
4,237,4100101,42270200,42312000,42312200,41.800000
4,261,4100101,45630200,45672000,45672200,41.800000
4,274,4204102,47730200,47772000,47772200,41.800000
4,287,4100103,50610200,50652000,50652200,41.800000
4,325,4100101,56650200,56692000,56692200,41.800000
4,330,4100102,57610200,57652000,57652200,41.800000
4,331,4100103,57730200,57772000,57772200,41.800000
4,341,4100101,60970200,61012000,61012200,41.800000
4,358,4100102,63730200,63772000,63772200,41.800000
4,375,4100103,67650200,67692000,67692200,41.800000
4,380,4100100,68710200,68750400,68750600,40.200000
4,381,4100101,68770200,68812000,68812200,41.800000
4,384,4108100,68890200,68930400,68930600,40.200000
4,395,4100103,70350200,70392000,70392200,41.800000
4,405,4100101,72710200,72752000,72752200,41.800000
4,413,410c001,73530200,73572000,73572200,41.800000
4,415,4100103,73710200,73752000,73752200,41.800000
4,422,4100102,74950200,74992000,74992200,41.800000
4,441,4100101,78450200,78490400,78490600,40.200000
4,443,4100103,78830200,78872000,78872200,41.800000
4,444,420c000,79030200,79072000,79072200,41.800000
4,452,4100100,80710200,80752000,80752200,41.800000
4,489,4100101,86450200,86492000,86492200,41.800000
4,513,4100101,90130200,90172000,90172200,41.800000
4,528,4100100,93550200,93592000,93592200,41.800000
4,545,4100101,97690200,97732000,97732200,41.800000
4,546,4100102,97750200,97792000,97792200,41.800000
4,547,4100103,97750200,97797200,97797400,47.000000
4,556,4100100,99390200,99432000,99432200,41.800000
4,568,4100100,102130200,102172000,102172200,41.800000
4,576,4100100,103490200,103532000,103532200,41.800000
4,583,4100103,104270200,104312000,104312200,41.800000
4,587,4100103,104970200,105012000,105012200,41.800000
4,602,4100102,108730200,108772000,108772200,41.800000
4,625,4100101,112390200,112430400,112430600,40.200000
4,629,4100101,112590200,112632000,112632200,41.800000
4,632,4100100,113010200,113052000,113052200,41.800000
4,663,4100103,120910200,120950400,120950600,40.200000
4,679,4100103,125210200,125252000,125252200,41.800000
4,683,4100103,125670200,125712000,125712200,41.800000
4,690,4100102,127270200,127310400,127310600,40.200000
4,706,4100102,130850200,130892000,130892200,41.800000
4,738,4100102,137270200,137312000,137312200,41.800000
4,769,4100101,142310200,142352000,142352200,41.800000
4,774,410c102,143310200,143350400,143350600,40.200000
4,775,4100103,143330200,143370400,143370600,40.200000
4,786,4100102,145050200,145092000,145092200,41.800000
4,798,4100102,147590200,147632000,147632200,41.800000
4,812,4100100,150010200,150052000,150052200,41.800000
4,819,4100103,150850200,150892000,150892200,41.800000
4,820,4108100,150870200,150910400,150910600,40.200000
4,830,4100102,153490200,153532000,153532200,41.800000
4,850,4100102,158390200,158432000,158432200,41.800000
4,853,4100101,158670200,158712000,158712200,41.800000
4,866,4100102,161730200,161772000,161772200,41.800000
4,888,4100100,164670200,164712000,164712200,41.800000
4,900,4100100,167370200,167412000,167412200,41.800000
4,906,4108102,169250200,169292000,169292200,41.800000
4,908,410c000,169950200,169992000,169992200,41.800000
4,946,4100102,176650200,176692000,176692200,41.800000
4,970,4100102,179990200,180030400,180030600,40.200000
4,988,4100100,182610200,182652000,182652200,41.800000
4,992,410c100,183330200,183370400,183370600,40.200000
4,996,4100100,184190200,184230400,184230600,40.200000
4,998,4100102,184490200,184532000,184532200,41.800000
5,13,420c101,2830200,2872000,2872200,41.800000
5,15,420c003,2930200,2972000,2972200,41.800000
5,22,4104106,4130200,4172000,4172200,41.800000
5,30,4104106,6550200,6592000,6592200,41.800000
5,34,4104106,7570200,7612000,7612200,41.800000
5,49,4104105,9790200,9832000,9832200,41.800000
5,62,4104106,11810200,11852000,11852200,41.800000
5,70,4104106,13530200,13570400,13570600,40.200000
5,72,4204100,13770200,13812000,13812200,41.800000
5,81,4104105,15670200,15712000,15712200,41.800000
5,107,4104107,20350200,20392000,20392200,41.800000
5,109,4104105,20970200,21012000,21012200,41.800000
5,125,4104105,24030200,24072000,24072200,41.800000
5,136,4104104,25170200,25210400,25210600,40.200000
5,137,4104105,25410200,25452000,25452200,41.800000
5,143,4104107,26370200,26412000,26412200,41.800000
5,153,4104105,28210200,28252000,28252200,41.800000
5,157,4104105,28970200,29012000,29012200,41.800000
5,160,4104104,29790200,29832000,29832200,41.800000
5,166,4204006,30290200,30332000,30332200,41.800000
5,169,4104005,30810200,30852000,30852200,41.800000
5,200,4104104,37550200,37590400,37590600,40.200000
5,209,4104105,39010200,39052000,39052200,41.800000
5,227,4104107,41530200,41572000,41572200,41.800000
5,236,4104104,42230200,42272000,42272200,41.800000
5,239,4104107,42950200,42992000,42992200,41.800000
5,244,4104104,43870200,43912000,43912200,41.800000
5,246,4104106,43950200,43992000,43992200,41.800000
5,273,4104105,47150200,47192000,47192200,41.800000
5,274,4204102,47730200,47772000,47772200,41.800000
5,275,4104107,48330200,48372000,48372200,41.800000
5,285,4104105,49910200,49952000,49952200,41.800000
5,303,4104107,53290200,53332000,53332200,41.800000
5,340,4104104,60770200,60812000,60812200,41.800000
5,343,4104107,61710200,61752000,61752200,41.800000
5,344,4104104,61750200,61792000,61792200,41.800000
5,354,4104106,63410200,63450400,63450600,40.200000
5,384,4108100,68890200,68930400,68930600,40.200000
5,413,410c001,73530200,73572000,73572200,41.800000
5,421,4104105,74650200,74692000,74692200,41.800000
5,423,4104107,75010200,75052000,75052200,41.800000
5,425,4104105,75250200,75290400,75290600,40.200000
5,432,410c004,76150200,76190400,76190600,40.200000
5,444,420c000,79030200,79072000,79072200,41.800000
5,453,4104105,80950200,80990400,80990600,40.200000
5,463,4104107,82610200,82652000,82652200,41.800000
5,468,4104104,83190200,83232000,83232200,41.800000
5,479,4104107,85210200,85250400,85250600,40.200000
5,508,4104104,89050200,89092000,89092200,41.800000
5,623,4104107,112170200,112212000,112212200,41.800000
5,646,4104106,117670200,117710400,117710600,40.200000
5,652,4108104,119070200,119112000,119112200,41.800000
5,655,4208107,119370200,119415800,119416000,45.600000
5,658,4104106,120470200,120512000,120512200,41.800000
5,667,4104107,121630200,121672000,121672200,41.800000
5,686,4104106,126310200,126352000,126352200,41.800000
5,703,4104107,129850200,129892000,129892200,41.800000
5,739,4104107,137370200,137412000,137412200,41.800000
5,740,4104104,138190200,138232000,138232200,41.800000
5,749,4104005,139790200,139832000,139832200,41.800000
5,758,4104106,140670200,140712000,140712200,41.800000
5,774,410c102,143310200,143350400,143350600,40.200000
5,778,4104106,143930200,143972000,143972200,41.800000
5,791,4104107,146250200,146292000,146292200,41.800000
5,802,4104106,148090200,148132000,148132200,41.800000
5,820,4108100,150870200,150910400,150910600,40.200000
5,835,4104107,154890200,154932000,154932200,41.800000
5,840,4104104,156150200,156190400,156190600,40.200000
5,873,4104105,162510200,162552000,162552200,41.800000
5,879,4104107,163210200,163252000,163252200,41.800000
5,884,4104104,164230200,164270400,164270600,40.200000
5,906,4108102,169250200,169292000,169292200,41.800000
5,908,410c000,169950200,169992000,169992200,41.800000
5,912,4104104,170950200,170992000,170992200,41.800000
5,948,4104104,177070200,177112000,177112200,41.800000
5,953,4104105,178250200,178292000,178292200,41.800000
5,955,4104107,178350200,178390400,178390600,40.200000
5,957,4104105,178530200,178572000,178572200,41.800000
5,983,4104107,182310200,182350400,182350600,40.200000
5,987,4104107,182530200,182572000,182572200,41.800000
5,989,4208105,182770200,182812000,182812200,41.800000
5,992,410c100,183330200,183370400,183370600,40.200000
5,994,4104106,183810200,183852000,183852200,41.800000
6,9,4108109,1910200,1952000,1952200,41.800000
6,10,410810a,2490200,2532000,2532200,41.800000
6,13,420c101,2830200,2872000,2872200,41.800000
6,15,420c003,2930200,2972000,2972200,41.800000
6,23,410810b,4430200,4472000,4472200,41.800000
6,52,4108108,10070200,10112000,10112200,41.800000
6,68,4108108,13330200,13372000,13372200,41.800000
6,110,410810a,21150200,21192000,21192200,41.800000
6,132,4108108,24770200,24812000,24812200,41.800000
6,162,410810a,29910200,29952000,29952200,41.800000
6,202,410810a,37830200,37872000,37872200,41.800000
6,207,410810b,38770200,38812000,38812200,41.800000
6,208,4108108,38890200,38930400,38930600,40.200000
6,210,410810a,39390200,39432000,39432200,41.800000
6,213,4108109,39650200,39692000,39692200,41.800000
6,256,4108108,44910200,44952000,44952200,41.800000
6,264,4108108,45910200,45950400,45950600,40.200000
6,291,410810b,51670200,51712000,51712200,41.800000
6,297,4108109,52450200,52492000,52492200,41.800000
6,298,410810a,52510200,52552000,52552200,41.800000
6,300,4108108,52710200,52752000,52752200,41.800000
6,307,410810b,53810200,53852000,53852200,41.800000
6,309,4108109,54030200,54072000,54072200,41.800000
6,335,410810b,58650200,58690400,58690600,40.200000
6,352,4108108,62730200,62772000,62772200,41.800000
6,364,4108108,64550200,64592000,64592200,41.800000
6,384,4108100,68890200,68932000,68932200,41.800000
6,400,4108108,71270200,71312000,71312200,41.800000
6,412,4108108,73470200,73512000,73512200,41.800000
6,413,410c001,73530200,73572000,73572200,41.800000
6,432,410c004,76150200,76192000,76192200,41.800000
6,444,420c000,79030200,79072000,79072200,41.800000
6,456,4108108,81250200,81292000,81292200,41.800000
6,470,410810a,83490200,83530400,83530600,40.200000
6,564,4108108,101670200,101712000,101712200,41.800000
6,582,430c10a,104210200,104252000,104252200,41.800000
6,586,410810a,104870200,104912000,104912200,41.800000
6,608,4108108,109390200,109432000,109432200,41.800000
6,612,4108108,110330200,110372000,110372200,41.800000
6,652,4108104,119070200,119112000,119112200,41.800000
6,655,4208107,119370200,119415800,119416000,45.600000
6,657,4108109,120370200,120412000,120412200,41.800000
6,693,4108109,127870200,127912000,127912200,41.800000
6,713,4108109,132910200,132952000,132952200,41.800000
6,725,4108109,135290200,135332000,135332200,41.800000
6,754,410810a,140190200,140232000,140232200,41.800000
6,773,420c009,143230200,143272000,143272200,41.800000
6,774,410c102,143310200,143352000,143352200,41.800000
6,776,4108108,143490200,143532000,143532200,41.800000
6,783,410810b,144910200,144950400,144950600,40.200000
6,794,410810a,146430200,146472000,146472200,41.800000
6,803,410810b,148330200,148370400,148370600,40.200000
6,805,4208109,148530200,148572000,148572200,41.800000
6,820,4108100,150870200,150912000,150912200,41.800000
6,824,420c008,151550200,151592000,151592200,41.800000
6,831,410810b,153510200,153550400,153550600,40.200000
6,852,4108108,158670200,158712000,158712200,41.800000
6,861,4108109,160050200,160092000,160092200,41.800000
6,871,410810b,162130200,162170400,162170600,40.200000
6,893,4108109,166030200,166072000,166072200,41.800000
6,906,4108102,169250200,169290400,169290600,40.200000
6,908,410c000,169950200,169992000,169992200,41.800000
6,914,410810a,171370200,171412000,171412200,41.800000
6,928,4108108,173210200,173252000,173252200,41.800000
6,944,4108108,176210200,176252000,176252200,41.800000
6,985,4108109,182370200,182412000,182412200,41.800000
6,989,4208105,182770200,182812000,182812200,41.800000
6,991,410810b,183090200,183132000,183132200,41.800000
6,992,410c100,183330200,183372000,183372200,41.800000
7,11,410c10f,2510200,2552000,2552200,41.800000
7,13,420c101,2830200,2872000,2872200,41.800000
7,15,420c003,2930200,2972000,2972200,41.800000
7,57,410c10d,10750200,10792000,10792200,41.800000
7,58,410c10e,11430200,11472000,11472200,41.800000
7,95,410c10f,18270200,18312000,18312200,41.800000
7,99,410c10f,19070200,19112000,19112200,41.800000
7,103,410c10f,19930200,19972000,19972200,41.800000
7,112,410c10c,21510200,21550400,21550600,40.200000
7,130,410c10e,24610200,24652000,24652200,41.800000
7,135,410c10f,24990200,25030400,25030600,40.200000
7,145,410c10d,26550200,26592000,26592200,41.800000
7,146,410c10e,26970200,27012000,27012200,41.800000
7,192,410c10c,35590200,35632000,35632200,41.800000
7,194,410c10e,35970200,36010400,36010600,40.200000
7,215,410c10f,39970200,40012000,40012200,41.800000
7,219,410c10f,40270200,40310400,40310600,40.200000
7,230,410c10e,41690200,41730400,41730600,40.200000
7,255,410c10f,44770200,44812000,44812200,41.800000
7,266,410c10e,46550200,46592000,46592200,41.800000
7,272,410c10c,47150200,47192000,47192200,41.800000
7,317,410c10d,55210200,55252000,55252200,41.800000
7,346,410c10e,62290200,62332000,62332200,41.800000
7,365,410c10d,65190200,65232000,65232200,41.800000
7,367,410c10f,65750200,65792000,65792200,41.800000
7,401,410c10d,71590200,71632000,71632200,41.800000
7,413,410c001,73530200,73572000,73572200,41.800000
7,418,410c10e,74490200,74530400,74530600,40.200000
7,431,410c10f,76110200,76152000,76152200,41.800000
7,432,410c004,76150200,76192000,76192200,41.800000
7,444,420c000,79030200,79072000,79072200,41.800000
7,457,410c10d,81290200,81332000,81332200,41.800000
7,466,410c10e,82950200,82992000,82992200,41.800000
7,475,410c10f,84730200,84772000,84772200,41.800000
7,476,410c10c,84750200,84792000,84792200,41.800000
7,481,410c10d,85310200,85352000,85352200,41.800000
7,533,410c10d,94710200,94752000,94752200,41.800000
7,582,430c10a,104210200,104252000,104252200,41.800000
7,588,410c10c,105070200,105112000,105112200,41.800000
7,611,410c10f,110270200,110310400,110310600,40.200000
7,614,410c10e,111250200,111292000,111292200,41.800000
7,624,410c10c,112230200,112270400,112270600,40.200000
7,628,410c10c,112490200,112532000,112532200,41.800000
7,637,410c10d,114590200,114630400,114630600,40.200000
7,649,410c10d,118270200,118312000,118312200,41.800000
7,656,410c10c,119610200,119652000,119652200,41.800000
7,670,410c10e,123190200,123230400,123230600,40.200000
7,673,410c10d,123590200,123632000,123632200,41.800000
7,685,410c10d,126090200,126132000,126132200,41.800000
7,691,410c00f,127610200,127652000,127652200,41.800000
7,707,410c10f,131610200,131652000,131652200,41.800000
7,729,410c10d,135630200,135672000,135672200,41.800000
7,736,410c10c,137130200,137170400,137170600,40.200000
7,773,420c009,143230200,143272000,143272200,41.800000
7,774,410c102,143310200,143352000,143352200,41.800000
7,777,410c10d,143650200,143692000,143692200,41.800000
7,808,410c10c,148570200,148612000,148612200,41.800000
7,824,420c008,151550200,151592000,151592200,41.800000
7,845,410c10d,157130200,157172000,157172200,41.800000
7,849,410c10d,158110200,158152000,158152200,41.800000
7,890,410c10e,164990200,165032000,165032200,41.800000
7,908,410c000,169950200,169992000,169992200,41.800000
7,923,410c10f,172410200,172452000,172452200,41.800000
7,939,410c10f,175330200,175372000,175372200,41.800000
7,941,410c10d,175990200,176030400,176030600,40.200000
7,942,410c10e,176010200,176050400,176050600,40.200000
7,980,410c10c,181870200,181912000,181912200,41.800000
7,992,410c100,183330200,183372000,183372200,41.800000
8,13,420c101,2830200,2872000,2872200,41.800000
8,15,420c003,2930200,2972000,2972200,41.800000
8,25,4200201,5530200,5572000,5572200,41.800000
8,32,4200200,7090200,7130400,7130600,40.200000
8,35,4300003,7890200,7932000,7932200,41.800000
8,38,4200202,8310200,8350400,8350600,40.200000
8,41,4200201,8750200,8790400,8790600,40.200000
8,46,4300102,9550200,9592000,9592200,41.800000
8,56,4200200,10650200,10692000,10692200,41.800000
8,72,4204100,13770200,13812000,13812200,41.800000
8,96,4200200,18450200,18492000,18492200,41.800000
8,100,4200200,19630200,19672000,19672200,41.800000
8,113,420c201,21650200,21692000,21692200,41.800000
8,119,4200203,22250200,22292000,22292200,41.800000
8,122,4200202,22850200,22892000,22892200,41.800000
8,193,4200201,35690200,35732000,35732200,41.800000
8,220,4200200,40410200,40452000,40452200,41.800000
8,235,4200203,42170200,42212000,42212200,41.800000
8,251,4200203,44530200,44572000,44572200,41.800000
8,252,4200200,44530200,44575800,44576000,45.600000
8,260,4300200,45490200,45530400,45530600,40.200000
8,274,4204102,47730200,47770400,47770600,40.200000
8,286,4200202,50550200,50592000,50592200,41.800000
8,308,4200200,53870200,53912000,53912200,41.800000
8,328,4200200,57450200,57492000,57492200,41.800000
8,363,4200203,64530200,64572000,64572200,41.800000
8,396,4200200,70470200,70510400,70510600,40.200000
8,403,4200203,71770200,71812000,71812200,41.800000
8,420,4200200,74650200,74692000,74692200,41.800000
8,433,4200201,76150200,76197200,76197400,47.000000
8,435,4200203,76650200,76690400,76690600,40.200000
8,444,420c000,79030200,79070400,79070600,40.200000
8,445,4200201,79030200,79072800,79073000,42.600000
8,450,4200202,80490200,80532000,80532200,41.800000
8,496,4200200,87330200,87372000,87372200,41.800000
8,502,4200202,87870200,87910400,87910600,40.200000
8,523,4200203,93030200,93072000,93072200,41.800000
8,529,4200201,94310200,94352000,94352200,41.800000
8,530,4208202,94330200,94370400,94370600,40.200000
8,531,4200203,94450200,94492000,94492200,41.800000
8,538,4200202,95430200,95470400,95470600,40.200000
8,542,4200202,96830200,96872000,96872200,41.800000
8,544,4200200,97310200,97352000,97352200,41.800000
8,571,4200203,102710200,102752000,102752200,41.800000
8,578,4200202,103590200,103632000,103632200,41.800000
8,664,4200200,121290200,121332000,121332200,41.800000
8,665,4200201,121510200,121552000,121552200,41.800000
8,668,4200200,122370200,122412000,122412200,41.800000
8,671,4200203,123210200,123252000,123252200,41.800000
8,674,4200202,123850200,123892000,123892200,41.800000
8,702,4200202,129750200,129792000,129792200,41.800000
8,730,4200202,135770200,135812000,135812200,41.800000
8,733,4200201,136570200,136612000,136612200,41.800000
8,741,4200201,138390200,138430400,138430600,40.200000
8,747,4200203,139230200,139270400,139270600,40.200000
8,752,4304200,140070200,140112000,140112200,41.800000
8,771,4200203,142450200,142492000,142492200,41.800000
8,807,4200203,148550200,148592000,148592200,41.800000
8,858,4204202,159850200,159892000,159892200,41.800000
8,874,420c202,162550200,162592000,162592200,41.800000
8,891,4200203,165630200,165672000,165672200,41.800000
8,899,4200203,167270200,167312000,167312200,41.800000
8,901,4200201,167810200,167852000,167852200,41.800000
8,927,4200203,173210200,173250400,173250600,40.200000
8,947,4200203,177010200,177052000,177052200,41.800000
8,958,4200202,178550200,178592000,178592200,41.800000
8,960,4200200,178710200,178752000,178752200,41.800000
8,965,4200201,179650200,179692000,179692200,41.800000
8,973,4200201,180710200,180752000,180752200,41.800000
8,974,4200202,180870200,180910400,180910600,40.200000
8,984,4200200,182330200,182372000,182372200,41.800000
9,5,4204205,1470200,1512000,1512200,41.800000
9,13,420c101,2830200,2872000,2872200,41.800000
9,14,4204206,2910200,2952000,2952200,41.800000
9,15,420c003,2930200,2972000,2972200,41.800000
9,27,4204207,5790200,5830400,5830600,40.200000
9,29,4204205,6330200,6370400,6370600,40.200000
9,47,4204207,9570200,9610400,9610600,40.200000
9,72,4204100,13770200,13812000,13812200,41.800000
9,82,4204206,15870200,15912000,15912200,41.800000
9,85,4204205,16770200,16812000,16812200,41.800000
9,108,4204204,20670200,20712000,20712200,41.800000
9,113,420c201,21650200,21692000,21692200,41.800000
9,129,4204205,24530200,24572000,24572200,41.800000
9,134,4204206,24950200,24992000,24992200,41.800000
9,140,4204204,25650200,25692000,25692200,41.800000
9,166,4204006,30290200,30332000,30332200,41.800000
9,170,4204206,31430200,31472000,31472200,41.800000
9,172,4204204,31810200,31850400,31850600,40.200000
9,176,4204204,32130200,32172000,32172200,41.800000
9,178,4204206,32390200,32432000,32432200,41.800000
9,217,4204205,40110200,40152000,40152200,41.800000
9,218,4204206,40170200,40210400,40210600,40.200000
9,221,4204205,40690200,40730400,40730600,40.200000
9,258,4204206,45210200,45252000,45252200,41.800000
9,274,4204102,47730200,47770400,47770600,40.200000
9,277,4204205,48630200,48672000,48672200,41.800000
9,278,4204206,48710200,48752000,48752200,41.800000
9,282,4204206,49310200,49352000,49352200,41.800000
9,284,4204204,49430200,49472000,49472200,41.800000
9,318,4204206,55430200,55472000,55472200,41.800000
9,360,4204204,64270200,64312000,64312200,41.800000
9,387,4204207,69110200,69152000,69152200,41.800000
9,402,4204206,71650200,71690400,71690600,40.200000
9,408,4204204,73230200,73272000,73272200,41.800000
9,417,4204205,74410200,74450400,74450600,40.200000
9,436,4204204,77410200,77452000,77452200,41.800000
9,444,420c000,79030200,79070400,79070600,40.200000
9,455,4208207,81070200,81112000,81112200,41.800000
9,472,4204204,83710200,83752000,83752200,41.800000
9,477,4204205,84930200,84972000,84972200,41.800000
9,478,4204206,85010200,85052000,85052200,41.800000
9,484,4204204,85950200,85990400,85990600,40.200000
9,492,430c204,86750200,86792000,86792200,41.800000
9,509,4204205,89310200,89352000,89352200,41.800000
9,530,4208202,94330200,94370400,94370600,40.200000
9,539,4204207,96350200,96392000,96392200,41.800000
9,561,4308205,100590200,100632000,100632200,41.800000
9,598,4204206,107750200,107792000,107792200,41.800000
9,605,4204205,109170200,109212000,109212200,41.800000
9,630,4204206,112650200,112692000,112692200,41.800000
9,633,4304205,113430200,113472000,113472200,41.800000
9,634,4204206,113550200,113590400,113590600,40.200000
9,644,4204204,116990200,117032000,117032200,41.800000
9,651,4204207,118350200,118392000,118392200,41.800000
9,655,4208107,119370200,119415800,119416000,45.600000
9,675,4204207,123890200,123932000,123932200,41.800000
9,722,4204206,134150200,134190400,134190600,40.200000
9,726,4204206,135410200,135452000,135452200,41.800000
9,737,4204205,137170200,137212000,137212200,41.800000
9,742,4204206,138470200,138512000,138512200,41.800000
9,752,4304200,140070200,140112000,140112200,41.800000
9,759,4204207,140730200,140772000,140772200,41.800000
9,762,4204206,141530200,141572000,141572200,41.800000
9,765,4204205,141790200,141832000,141832200,41.800000
9,772,4204204,142810200,142852000,142852200,41.800000
9,789,4204205,146110200,146152000,146152200,41.800000
9,821,4204205,151350200,151392000,151392200,41.800000
9,823,4204207,151490200,151532000,151532200,41.800000
9,856,4204204,159490200,159532000,159532200,41.800000
9,858,4204202,159850200,159892000,159892200,41.800000
9,862,4204206,160150200,160192000,160192200,41.800000
9,874,420c202,162550200,162592000,162592200,41.800000
9,924,4204204,172430200,172470400,172470600,40.200000
9,938,4204206,175130200,175172000,175172200,41.800000
9,975,4204207,181330200,181372000,181372200,41.800000
9,989,4208105,182770200,182810400,182810600,40.200000
9,995,4204207,183970200,184010400,184010600,40.200000
9,999,4204207,184790200,184832000,184832200,41.800000
10,13,420c101,2830200,2870400,2870600,40.200000
10,15,420c003,2930200,2970400,2970600,40.200000
10,20,4208208,4070200,4112000,4112200,41.800000
10,26,420820a,5570200,5612000,5612200,41.800000
10,54,420820a,10350200,10392000,10392200,41.800000
10,63,420820b,12610200,12652000,12652200,41.800000
10,93,4208209,17830200,17872000,17872200,41.800000
10,113,420c201,21650200,21692000,21692200,41.800000
10,147,420820b,27090200,27130400,27130600,40.200000
10,148,4208208,27110200,27152000,27152200,41.800000
10,150,420820a,27530200,27572000,27572200,41.800000
10,154,420820a,28290200,28332000,28332200,41.800000
10,156,4208208,28750200,28792000,28792200,41.800000
10,158,430820a,29010200,29052000,29052200,41.800000
10,161,4208209,29870200,29912000,29912200,41.800000
10,163,420820b,30090200,30132000,30132200,41.800000
10,177,4208209,32350200,32392000,32392200,41.800000
10,183,420820b,33790200,33832000,33832200,41.800000
10,197,4208209,37310200,37350400,37350600,40.200000
10,232,4308208,41790200,41832000,41832200,41.800000
10,270,420820a,47030200,47072000,47072200,41.800000
10,295,420820b,52350200,52392000,52392200,41.800000
10,322,420820a,56070200,56112000,56112200,41.800000
10,345,4208209,62190200,62232000,62232200,41.800000
10,351,420820b,62730200,62772000,62772200,41.800000
10,383,420820b,68850200,68892000,68892200,41.800000
10,386,420820a,69090200,69132000,69132200,41.800000
10,409,4208209,73290200,73332000,73332200,41.800000
10,411,420820b,73470200,73512000,73512200,41.800000
10,428,4208208,75870200,75912000,75912200,41.800000
10,444,420c000,79030200,79072000,79072200,41.800000
10,455,4208207,81070200,81110400,81110600,40.200000
10,461,4208209,82410200,82452000,82452200,41.800000
10,474,420820a,84470200,84512000,84512200,41.800000
10,492,430c204,86750200,86792000,86792200,41.800000
10,505,4208209,88710200,88752000,88752200,41.800000
10,510,420820a,89690200,89732000,89732200,41.800000
10,524,4208208,93250200,93292000,93292200,41.800000
10,530,4208202,94330200,94372000,94372200,41.800000
10,561,4308205,100590200,100632000,100632200,41.800000
10,582,430c10a,104210200,104252000,104252200,41.800000
10,584,4208208,104310200,104352000,104352200,41.800000
10,613,4208209,110690200,110730400,110730600,40.200000
10,618,420820a,111450200,111492000,111492200,41.800000
10,631,420820b,112690200,112730400,112730600,40.200000
10,647,420820b,117970200,118012000,118012200,41.800000
10,648,4208208,118110200,118152000,118152200,41.800000
10,655,4208107,119370200,119410400,119410600,40.200000
10,662,420820a,120590200,120630400,120630600,40.200000
10,678,420820a,124550200,124592000,124592200,41.800000
10,682,420820a,125610200,125652000,125652200,41.800000
10,688,4208208,126710200,126750400,126750600,40.200000
10,694,420820a,128030200,128072000,128072200,41.800000
10,715,420820b,133070200,133110400,133110600,40.200000
10,773,420c009,143230200,143272000,143272200,41.800000
10,797,4208209,147390200,147432000,147432200,41.800000
10,805,4208109,148530200,148572000,148572200,41.800000
10,809,4208209,149210200,149252000,149252200,41.800000
10,811,420820b,149850200,149892000,149892200,41.800000
10,816,4208208,150450200,150492000,150492200,41.800000
10,824,420c008,151550200,151592000,151592200,41.800000
10,844,4208208,156910200,156950400,156950600,40.200000
10,855,420820b,159010200,159050400,159050600,40.200000
10,869,4208209,161910200,161952000,161952200,41.800000
10,874,420c202,162550200,162592000,162592200,41.800000
10,885,4208209,164510200,164550400,164550600,40.200000
10,915,420820b,171630200,171672000,171672200,41.800000
10,926,420820a,172750200,172792000,172792200,41.800000
10,930,420820a,173690200,173732000,173732200,41.800000
10,935,420820b,174630200,174670400,174670600,40.200000
10,936,4208208,174950200,174992000,174992200,41.800000
10,943,420820b,176070200,176112000,176112200,41.800000
10,964,4208208,179610200,179652000,179652200,41.800000
10,986,420820a,182470200,182512000,182512200,41.800000
10,989,4208105,182770200,182812000,182812200,41.800000
11,13,420c101,2830200,2870400,2870600,40.200000
11,15,420c003,2930200,2970400,2970600,40.200000
11,24,420c20c,4870200,4910400,4910600,40.200000
11,39,420c20f,8470200,8512000,8512200,41.800000
11,45,420c20d,9470200,9512000,9512200,41.800000
11,71,420c20f,13530200,13572000,13572200,41.800000
11,98,420c20e,18930200,18970400,18970600,40.200000
11,113,420c201,21650200,21692000,21692200,41.800000
11,144,420c20c,26550200,26592000,26592200,41.800000
11,149,420c20d,27430200,27470400,27470600,40.200000
11,159,420c20f,29150200,29190400,29190600,40.200000
11,182,420c20e,33670200,33712000,33712200,41.800000
11,187,420c20f,34590200,34630400,34630600,40.200000
11,188,420c20c,34650200,34692000,34692200,41.800000
11,191,420c20f,35570200,35612000,35612200,41.800000
11,233,420c20d,41870200,41912000,41912200,41.800000
11,249,420c20d,44310200,44352000,44352200,41.800000
11,271,420c20f,47070200,47112000,47112200,41.800000
11,299,420c20f,52530200,52572000,52572200,41.800000
11,306,420c20e,53710200,53752000,53752200,41.800000
11,312,420c20c,54530200,54572000,54572200,41.800000
11,334,420c20e,58350200,58392000,58392200,41.800000
11,342,420c20e,61530200,61570400,61570600,40.200000
11,406,420c20e,72950200,72992000,72992200,41.800000
11,419,420c20f,74530200,74572000,74572200,41.800000
11,444,420c000,79030200,79072000,79072200,41.800000
11,471,420c20f,83510200,83552000,83552200,41.800000
11,492,430c204,86750200,86792000,86792200,41.800000
11,500,420c20c,87610200,87652000,87652200,41.800000
11,504,420c20c,88630200,88672000,88672200,41.800000
11,512,420c20c,89770200,89810400,89810600,40.200000
11,519,420c20f,91610200,91652000,91652200,41.800000
11,536,420c20c,95150200,95192000,95192200,41.800000
11,549,420c20d,97810200,97850400,97850600,40.200000
11,563,420c20f,101530200,101572000,101572200,41.800000
11,574,420c20e,103110200,103152000,103152200,41.800000
11,582,430c10a,104210200,104252000,104252200,41.800000
11,591,420c20f,105270200,105310400,105310600,40.200000
11,604,420c20c,108970200,109012000,109012200,41.800000
11,680,420c20c,125370200,125410400,125410600,40.200000
11,681,420c20d,125530200,125572000,125572200,41.800000
11,701,420c20d,129490200,129532000,129532200,41.800000
11,708,420c20c,131910200,131950400,131950600,40.200000
11,720,420c20c,134070200,134112000,134112200,41.800000
11,732,420c20c,136330200,136372000,136372200,41.800000
11,744,420c20c,138810200,138852000,138852200,41.800000
11,750,420c20e,139990200,140032000,140032200,41.800000
11,757,420c20d,140550200,140592000,140592200,41.800000
11,773,420c009,143230200,143272000,143272200,41.800000
11,781,420c20d,144570200,144610400,144610600,40.200000
11,787,420c20f,145650200,145690400,145690600,40.200000
11,824,420c008,151550200,151592000,151592200,41.800000
11,833,420c20d,153850200,153892000,153892200,41.800000
11,842,420c20e,156530200,156572000,156572200,41.800000
11,874,420c202,162550200,162592000,162592200,41.800000
11,904,420c20c,168550200,168592000,168592200,41.800000
11,976,420c20c,181510200,181550400,181550600,40.200000
11,997,420c20d,184430200,184472000,184472200,41.800000
12,8,4300300,1810200,1852000,1852200,41.800000
12,21,4300301,4110200,4152000,4152200,41.800000
12,35,4300003,7890200,7932000,7932200,41.800000
12,46,4300102,9550200,9592000,9592200,41.800000
12,55,4300303,10350200,10392000,10392200,41.800000
12,79,4300303,15370200,15412000,15412200,41.800000
12,94,4300302,17970200,18012000,18012200,41.800000
12,101,4300301,19730200,19772000,19772200,41.800000
12,115,4300303,21930200,21970400,21970600,40.200000
12,128,4300300,24270200,24312000,24312200,41.800000
12,141,4300301,25750200,25792000,25792200,41.800000
12,195,4300303,36330200,36370400,36370600,40.200000
12,226,4300302,41450200,41490400,41490600,40.200000
12,229,4300301,41690200,41730400,41730600,40.200000
12,257,4300301,45050200,45092000,45092200,41.800000
12,260,4300200,45490200,45530400,45530600,40.200000
12,290,4300302,51510200,51552000,51552200,41.800000
12,323,4300303,56290200,56332000,56332200,41.800000
12,336,4300300,59550200,59592000,59592200,41.800000
12,350,4300302,62650200,62692000,62692200,41.800000
12,353,4300301,63050200,63092000,63092200,41.800000
12,377,4300301,67710200,67752000,67752200,41.800000
12,410,4300302,73450200,73492000,73492200,41.800000
12,434,4300302,76250200,76290400,76290600,40.200000
12,439,4300303,78270200,78310400,78310600,40.200000
12,440,4300300,78390200,78432000,78432200,41.800000
12,469,4300301,83470200,83512000,83512200,41.800000
12,497,4300301,87430200,87472000,87472200,41.800000
12,516,4300300,90850200,90892000,90892200,41.800000
12,520,4300300,92070200,92110400,92110600,40.200000
12,555,4300303,99070200,99112000,99112200,41.800000
12,558,4300302,100150200,100192000,100192200,41.800000
12,559,4300303,100230200,100272000,100272200,41.800000
12,590,4300302,105130200,105170400,105170600,40.200000
12,592,4300300,105390200,105432000,105432200,41.800000
12,615,4300303,111350200,111392000,111392200,41.800000
12,626,4300302,112450200,112490400,112490600,40.200000
12,635,4300303,113990200,114032000,114032200,41.800000
12,641,4300301,116590200,116630400,116630600,40.200000
12,698,4300302,128490200,128532000,128532200,41.800000
12,752,4304200,140070200,140112000,140112200,41.800000
12,755,4300303,140190200,140232000,140232200,41.800000
12,756,4300300,140290200,140332000,140332200,41.800000
12,796,4300300,146910200,146950400,146950600,40.200000
12,810,4300302,149710200,149752000,149752200,41.800000
12,813,4300301,150090200,150130400,150130600,40.200000
12,818,4300302,150770200,150812000,150812200,41.800000
12,827,4300303,152330200,152372000,152372200,41.800000
12,834,4300302,154130200,154170400,154170600,40.200000
12,848,4300300,157970200,158010400,158010600,40.200000
12,859,4300303,159890200,159930400,159930600,40.200000
12,864,4300300,161230200,161272000,161272200,41.800000
12,877,4300301,162730200,162772000,162772200,41.800000
12,878,4300302,163130200,163170400,163170600,40.200000
12,889,4300301,164890200,164932000,164932200,41.800000
12,902,4300302,168090200,168132000,168132200,41.800000
12,905,4300301,168730200,168772000,168772200,41.800000
12,913,4300301,171130200,171172000,171172200,41.800000
12,918,4300302,172130200,172172000,172172200,41.800000
12,920,4300300,172270200,172312000,172312200,41.800000
12,922,4308302,172350200,172392000,172392200,41.800000
12,929,4300301,173370200,173410400,173410600,40.200000
12,945,4300301,176570200,176610400,176610600,40.200000
12,956,4300300,178410200,178452000,178452200,41.800000
12,962,4300302,179450200,179492000,179492200,41.800000
12,966,4300302,179730200,179772000,179772200,41.800000
13,44,4304304,9310200,9352000,9352200,41.800000
13,50,4304306,9950200,9992000,9992200,41.800000
13,61,4304305,11550200,11592000,11592200,41.800000
13,67,4304307,13270200,13312000,13312200,41.800000
13,92,4304304,17730200,17772000,17772200,41.800000
13,97,4304305,18590200,18630400,18630600,40.200000
13,111,4304307,21310200,21352000,21352200,41.800000
13,185,4304305,34030200,34072000,34072200,41.800000
13,204,4304304,38410200,38450400,38450600,40.200000
13,222,4304306,41150200,41192000,41192200,41.800000
13,231,4304307,41710200,41750400,41750600,40.200000
13,247,4304307,43970200,44012000,44012200,41.800000
13,248,4304304,44270200,44312000,44312200,41.800000
13,280,4304304,48890200,48932000,48932200,41.800000
13,283,4304307,49350200,49392000,49392200,41.800000
13,296,4304304,52410200,52452000,52452200,41.800000
13,314,4304306,54710200,54752000,54752200,41.800000
13,321,430c305,55930200,55972000,55972200,41.800000
13,329,4304305,57590200,57632000,57632200,41.800000
13,337,4304305,59590200,59630400,59630600,40.200000
13,359,4304307,64030200,64072000,64072200,41.800000
13,371,4304307,67130200,67172000,67172200,41.800000
13,374,4304306,67610200,67650400,67650600,40.200000
13,379,4304307,68230200,68272000,68272200,41.800000
13,394,4304306,70210200,70252000,70252200,41.800000
13,416,4304304,74370200,74412000,74412200,41.800000
13,429,4304305,75950200,75992000,75992200,41.800000
13,438,4304306,77730200,77772000,77772200,41.800000
13,448,4304304,80030200,80072000,80072200,41.800000
13,454,4304306,81010200,81052000,81052200,41.800000
13,458,4304306,81530200,81572000,81572200,41.800000
13,487,4304307,86230200,86272000,86272200,41.800000
13,492,430c204,86750200,86792000,86792200,41.800000
13,498,4304306,87490200,87532000,87532200,41.800000
13,501,4304305,87830200,87872000,87872200,41.800000
13,521,4304305,92450200,92492000,92492200,41.800000
13,535,4304307,95070200,95112000,95112200,41.800000
13,540,4304304,96770200,96812000,96812200,41.800000
13,553,4304305,98710200,98752000,98752200,41.800000
13,561,4308205,100590200,100632000,100632200,41.800000
13,579,4304307,103910200,103952000,103952200,41.800000
13,593,4304305,105410200,105452000,105452200,41.800000
13,595,4304307,107390200,107432000,107432200,41.800000
13,596,4304304,107430200,107472000,107472200,41.800000
13,633,4304205,113430200,113472000,113472200,41.800000
13,636,4304304,114510200,114552000,114552200,41.800000
13,731,430c307,136310200,136352000,136352200,41.800000
13,745,4304305,138890200,138930400,138930600,40.200000
13,752,4304200,140070200,140112000,140112200,41.800000
13,792,4304304,146350200,146390400,146390600,40.200000
13,795,4304307,146710200,146752000,146752200,41.800000
13,801,4304305,148030200,148072000,148072200,41.800000
13,829,4304305,153270200,153310400,153310600,40.200000
13,832,4304304,153810200,153852000,153852200,41.800000
13,838,4304306,155750200,155792000,155792200,41.800000
13,841,4304305,156490200,156532000,156532200,41.800000
13,870,4304306,162010200,162052000,162052200,41.800000
13,880,4304304,163250200,163292000,163292200,41.800000
13,883,4304307,164050200,164092000,164092200,41.800000
13,887,4304307,164550200,164592000,164592200,41.800000
13,892,4304304,165730200,165770400,165770600,40.200000
13,919,4304307,172170200,172212000,172212200,41.800000
13,922,4308302,172350200,172392000,172392200,41.800000
13,977,4304305,181530200,181572000,181572200,41.800000
14,4,4308308,990200,1032000,1032200,41.800000
14,16,4308308,2950200,2992000,2992200,41.800000
14,17,4308309,3170200,3212000,3212200,41.800000
14,28,4308308,5830200,5870400,5870600,40.200000
14,33,4308309,7350200,7392000,7392200,41.800000
14,36,4308308,8210200,8252000,8252200,41.800000
14,43,430830b,9130200,9172000,9172200,41.800000
14,76,4308308,14650200,14692000,14692200,41.800000
14,84,4308308,16750200,16792000,16792200,41.800000
14,90,430830a,17530200,17572000,17572200,41.800000
14,105,4308309,20290200,20332000,20332200,41.800000
14,118,430830a,22130200,22170400,22170600,40.200000
14,120,4308308,22310200,22352000,22352200,41.800000
14,151,430830b,27530200,27577200,27577400,47.000000
14,158,430820a,29010200,29052000,29052200,41.800000
14,205,4308309,38570200,38612000,38612200,41.800000
14,214,430830a,39730200,39772000,39772200,41.800000
14,216,430c308,40050200,40092000,40092200,41.800000
14,232,4308208,41790200,41832000,41832200,41.800000
14,241,4308309,43530200,43572000,43572200,41.800000
14,242,430830a,43750200,43790400,43790600,40.200000
14,253,4308309,44710200,44750400,44750600,40.200000
14,254,430830a,44770200,44812000,44812200,41.800000
14,267,430830b,46810200,46852000,46852200,41.800000
14,289,4308309,50930200,50970400,50970600,40.200000
14,310,430830a,54450200,54492000,54492200,41.800000
14,315,430830b,54890200,54932000,54932200,41.800000
14,321,430c305,55930200,55970400,55970600,40.200000
14,324,4308308,56510200,56552000,56552200,41.800000
14,338,430830a,60070200,60112000,60112200,41.800000
14,357,4308309,63490200,63532000,63532200,41.800000
14,362,430830a,64510200,64552000,64552200,41.800000
14,368,4308308,66630200,66672000,66672200,41.800000
14,369,4308309,66810200,66850400,66850600,40.200000
14,370,430830a,67130200,67172000,67172200,41.800000
14,372,4308308,67150200,67192000,67192200,41.800000
14,378,430830a,67950200,67992000,67992200,41.800000
14,397,4308309,70510200,70552000,70552200,41.800000
14,437,4308309,77430200,77472000,77472200,41.800000
14,446,430830a,79070200,79112000,79112200,41.800000
14,459,430830b,81690200,81732000,81732200,41.800000
14,467,430830b,83090200,83130400,83130600,40.200000
14,488,4308308,86450200,86492000,86492200,41.800000
14,492,430c204,86750200,86792000,86792200,41.800000
14,506,430830a,88810200,88852000,88852200,41.800000
14,532,4308308,94550200,94592000,94592200,41.800000
14,543,430830b,97250200,97292000,97292200,41.800000
14,548,4308308,97770200,97812000,97812200,41.800000
14,551,430830b,98270200,98312000,98312200,41.800000
14,561,4308205,100590200,100632000,100632200,41.800000
14,570,430830a,102670200,102712000,102712200,41.800000
14,582,430c10a,104210200,104252000,104252200,41.800000
14,597,4308309,107710200,107752000,107752200,41.800000
14,601,4308309,108650200,108690400,108690600,40.200000
14,642,430830a,116650200,116692000,116692200,41.800000
14,659,430830b,120530200,120572000,120572200,41.800000
14,666,430830a,121570200,121610400,121610600,40.200000
14,677,4308309,124310200,124352000,124352200,41.800000
14,692,4308308,127750200,127792000,127792200,41.800000
14,696,4308308,128230200,128270400,128270600,40.200000
14,721,4308309,134090200,134132000,134132200,41.800000
14,731,430c307,136310200,136350400,136350600,40.200000
14,735,430830b,136970200,137012000,137012200,41.800000
14,761,4308309,141490200,141530400,141530600,40.200000
14,764,4308308,141770200,141812000,141812200,41.800000
14,779,430830b,144030200,144072000,144072200,41.800000
14,800,4308308,147930200,147972000,147972200,41.800000
14,817,4308309,150750200,150792000,150792200,41.800000
14,828,4308308,152790200,152832000,152832200,41.800000
14,854,430830a,158750200,158792000,158792200,41.800000
14,865,4308309,161410200,161452000,161452200,41.800000
14,875,430830b,162630200,162672000,162672200,41.800000
14,881,4308309,163310200,163352000,163352200,41.800000
14,895,430830b,166590200,166630400,166630600,40.200000
14,896,4308308,166630200,166672000,166672200,41.800000
14,922,4308302,172350200,172392000,172392200,41.800000
14,931,430830b,173950200,173992000,173992200,41.800000
14,933,4308309,174350200,174392000,174392200,41.800000
14,969,4308309,179930200,179972000,179972200,41.800000
15,2,430c30e,570200,612000,612200,41.800000
15,3,430c30f,790200,832000,832200,41.800000
15,19,430c30f,3710200,3752000,3752200,41.800000
15,51,430c30f,9990200,10032000,10032200,41.800000
15,65,430c30d,12930200,12972000,12972200,41.800000
15,66,430c30e,13190200,13232000,13232200,41.800000
15,69,430c30d,13510200,13552000,13552200,41.800000
15,80,430c30c,15650200,15692000,15692200,41.800000
15,121,430c30d,22570200,22612000,22612200,41.800000
15,152,430c30c,28150200,28192000,28192200,41.800000
15,155,430c30f,28670200,28712000,28712200,41.800000
15,165,430c30d,30190200,30232000,30232200,41.800000
15,179,430c30f,32590200,32630400,32630600,40.200000
15,180,430c30c,33010200,33052000,33052200,41.800000
15,181,430c30d,33430200,33472000,33472200,41.800000
15,189,430c30d,35130200,35172000,35172200,41.800000
15,199,430c30f,37530200,37572000,37572200,41.800000
15,216,430c308,40050200,40092000,40092200,41.800000
15,225,430c30d,41430200,41470400,41470600,40.200000
15,262,430c30e,45770200,45810400,45810600,40.200000
15,281,430c30d,49150200,49192000,49192200,41.800000
15,305,430c30d,53610200,53652000,53652200,41.800000
15,316,430c30c,55110200,55150400,55150600,40.200000
15,321,430c305,55930200,55970400,55970600,40.200000
15,348,430c30c,62390200,62430400,62430600,40.200000
15,349,430c30d,62510200,62552000,62552200,41.800000
15,385,430c30d,68910200,68952000,68952200,41.800000
15,388,430c30c,69470200,69510400,69510600,40.200000
15,390,430c30e,69610200,69652000,69652200,41.800000
15,399,430c30f,70910200,70952000,70952200,41.800000
15,407,430c30f,73030200,73072000,73072200,41.800000
15,426,430c30e,75290200,75332000,75332200,41.800000
15,449,430c30d,80310200,80352000,80352200,41.800000
15,482,430c30e,85430200,85472000,85472200,41.800000
15,492,430c204,86750200,86792000,86792200,41.800000
15,494,430c30e,86870200,86912000,86912200,41.800000
15,507,430c30f,88990200,89032000,89032200,41.800000
15,552,430c30c,98530200,98572000,98572200,41.800000
15,557,430c30d,99750200,99792000,99792200,41.800000
15,565,430c30d,101670200,101712000,101712200,41.800000
15,569,430c30d,102470200,102512000,102512200,41.800000
15,582,430c10a,104210200,104252000,104252200,41.800000
15,585,430c30d,104550200,104592000,104592200,41.800000
15,607,430c30f,109370200,109410400,109410600,40.200000
15,610,430c30e,109930200,109972000,109972200,41.800000
15,622,430c30e,111770200,111812000,111812200,41.800000
15,639,430c30f,115110200,115152000,115152200,41.800000
15,645,430c30d,117290200,117332000,117332200,41.800000
15,650,430c30e,118270200,118312000,118312200,41.800000
15,653,430c30d,119110200,119152000,119152200,41.800000
15,676,430c30c,123990200,124032000,124032200,41.800000
15,689,430c30d,127050200,127092000,127092200,41.800000
15,695,430c30f,128050200,128090400,128090600,40.200000
15,704,430c30c,130070200,130112000,130112200,41.800000
15,727,430c30f,135450200,135490400,135490600,40.200000
15,731,430c307,136310200,136350400,136350600,40.200000
15,751,430c30f,140030200,140072000,140072200,41.800000
15,768,430c30c,142090200,142132000,142132200,41.800000
15,782,430c30e,144730200,144772000,144772200,41.800000
15,814,430c30e,150110200,150152000,150152200,41.800000
15,836,430c30c,155070200,155112000,155112200,41.800000
15,839,430c30f,156110200,156152000,156152200,41.800000
15,909,430c30d,170170200,170212000,170212200,41.800000
15,911,430c30f,170770200,170812000,170812200,41.800000
15,934,430c30e,174630200,174672000,174672200,41.800000
15,951,430c30f,177450200,177492000,177492200,41.800000
15,959,430c30f,178610200,178650400,178650600,40.200000
15,968,430c30c,179850200,179890400,179890600,40.200000
15,978,430c30e,181610200,181652000,181652200,41.800000
15,981,430c30d,181950200,181992000,181992200,41.800000
