design,benchmark,load_setpoint_mflit_per_port_s,result_case,canonical_case,netlist_run_id,trace_sha256,trace_header_hash,case_sha256,result_csv_sha256,run_log_sha256,sdf_reference,measurement_start_ps,measurement_end_ps,measurement_offered_flits,measurement_delivered_flits,measurement_delivery_ratio,measurement_backlog_flits,offered_mflit_per_port_s,delivered_mflit_per_port_s,flit_latency_mean_ns,flit_latency_p95_ns,flit_latency_p99_ns,full_drain_pass,sdf_pass,trace_pair_pass,near_lossless,latency_claim_eligible,pass_fail
PROP_temp64,HOTSPOT10,5,HOTSPOT10_n64_s202701_m5_PROP_temp64_top16_retry_csv_gate,HOTSPOT10_n64_s202701_m5_PROP_temp64_top16.case,20260913_prop_temp64_asap_uc_m5_200,301e9ba128de86664fdb259c5fbf372a872b7e056f1d16981a0d69110eb04378,5416a88bc3a611ec761bbdba653cef5d7d3a6dbf764c83d49411b1d986ee3482,3f488be61b035ddbf4a8ed87823beb0d15959b6ad9e5f11d014c45c29fa6db4b,53fa2f0f76b4a34367e492b5f57c1dcd73310bd7eea118b1cf7d2d4f61111db7,b806aa1fbe6377463b972a1d600ab93ba8a07b92931ac73da223104512a66473,c6fa777f3b29c568c4eb92b401627024ec7a499d3911a1f45cb458a89cb4c98b  /prjtemp/ghy19/date2027_e2/20260914_231005_date2027_e2_bc_hotspot64/work/PROP_temp64/sdf_annotate.log,7560001,222425001,50000,49995,0.999900000,4,3.636004,3.635640,6.214326,8.400000,12.100000,True,True,True,True,True,PASS
FM64,HOTSPOT10,5,HOTSPOT10_n64_s202701_m5_FM64_top0_retry_csv_gate,HOTSPOT10_n64_s202701_m5_FM64_top0.case,20260913_104506_cmr_fm64_rpsdel150,301e9ba128de86664fdb259c5fbf372a872b7e056f1d16981a0d69110eb04378,5416a88bc3a611ec761bbdba653cef5d7d3a6dbf764c83d49411b1d986ee3482,a6f23a631955647b85f21cba2e3ee6b3cbc180daf99905badf39395b667c389a,d428f60c75b5c8dae121ae1c6d24ec465dc9db6502dfc91e1428644e091aca27,46b7c9c9847faf567e368e90ad10b405e43be2ce6b55fe254aa5312d34b85e34,23dfd8e09500ac077ad7bc09b7620c2151181b5f21bb3b434ab8dd342805051a  /prjtemp/ghy19/date2027_e2/20260914_231005_date2027_e2_bc_hotspot64/work/FM64/sdf_annotate.log,7560001,222425001,50000,49995,0.999900000,4,3.636004,3.635640,7.398505,12.200000,14.000000,True,True,True,True,True,PASS
PROP_temp64,HOTSPOT10,10,HOTSPOT10_n64_s202701_m10_PROP_temp64_top16,HOTSPOT10_n64_s202701_m10_PROP_temp64_top16.case,20260913_prop_temp64_asap_uc_m5_200,484401b20e2aca8f52639e9a51b76b1c31209d0270f91b021e4192e2fa807291,cff019865607dcf88547a6851b295f32111cb068dcbe0dfd824027711ed7deca,c1c6effe71c9a825e9cac525fb99ba6e4894216422feb2e6e6c45dfaf41f0619,595b396d01ac5669bf49d3620dd85c963477f9e546648889aee7a22f3f720391,fa5ffa7d6286070dc76afaa3414f0789d8c364be962c7ef8db598ca0dcc72490,c6fa777f3b29c568c4eb92b401627024ec7a499d3911a1f45cb458a89cb4c98b  /prjtemp/ghy19/date2027_e2/20260914_231005_date2027_e2_bc_hotspot64/work/PROP_temp64/sdf_annotate.log,2902001,121840001,50000,49995,0.999900000,4,6.568548,6.567891,6.441339,10.200000,13.500000,True,True,True,True,True,PASS
FM64,HOTSPOT10,10,HOTSPOT10_n64_s202701_m10_FM64_top0,HOTSPOT10_n64_s202701_m10_FM64_top0.case,20260913_104506_cmr_fm64_rpsdel150,484401b20e2aca8f52639e9a51b76b1c31209d0270f91b021e4192e2fa807291,cff019865607dcf88547a6851b295f32111cb068dcbe0dfd824027711ed7deca,1d84e71f7eb7468f429aaf9a9f85a9a6f6c9211a5210f131563d33237dd6f4e8,81c835629886a61a003c1009b3d318f89a66773cc197d2646d574cb44f4c6b45,3709c1cd5ecc652084bfde6f9f5d9dbbc25df039ad22630ba8f27ebc962732de,23dfd8e09500ac077ad7bc09b7620c2151181b5f21bb3b434ab8dd342805051a  /prjtemp/ghy19/date2027_e2/20260914_231005_date2027_e2_bc_hotspot64/work/FM64/sdf_annotate.log,2902001,121840001,50000,49995,0.999900000,4,6.568548,6.567891,7.475283,12.200000,14.300000,True,True,True,True,True,PASS
PROP_temp64,HOTSPOT10,20,HOTSPOT10_n64_s202701_m20_PROP_temp64_top16,HOTSPOT10_n64_s202701_m20_PROP_temp64_top16.case,20260913_prop_temp64_asap_uc_m5_200,eb8c3a68189d04c81b82433d1eba9ac24427ebad9abeb863428630de671d284d,1ee7656195859841d85f4d4393008e46ae15f37115b5eb9cedd1c779081f6888,99bad377ffcf5eed76f6a050949ef4bcd05b90300f8fca1df34e2f25236e7fad,9e2e1e32a37e264357238340b086cfa473f32f1507349a419d603e3142a14937,df66b06c49c5b62acb98c06981ff8e3b9710456a911440bfbcd64dd939635f5f,c6fa777f3b29c568c4eb92b401627024ec7a499d3911a1f45cb458a89cb4c98b  /prjtemp/ghy19/date2027_e2/20260914_231005_date2027_e2_bc_hotspot64/work/PROP_temp64/sdf_annotate.log,1244001,56084001,50000,49995,0.999900000,4,14.245988,14.244564,6.750356,11.600000,15.500000,True,True,True,True,True,PASS
FM64,HOTSPOT10,20,HOTSPOT10_n64_s202701_m20_FM64_top0,HOTSPOT10_n64_s202701_m20_FM64_top0.case,20260913_104506_cmr_fm64_rpsdel150,eb8c3a68189d04c81b82433d1eba9ac24427ebad9abeb863428630de671d284d,1ee7656195859841d85f4d4393008e46ae15f37115b5eb9cedd1c779081f6888,9b95c7e7ba6973f7d6f61e7a42bd988cafbf76d70a85d07420afc492e14a30df,e8b0276ce7941b3c6ec0a57e9aff412424300b3ccc3eeb86a62577e58176983e,0e3717d8c5cbc6e2ddd5d1603924cdfbc06a4d314686b5dd31bd8ac0109df30f,23dfd8e09500ac077ad7bc09b7620c2151181b5f21bb3b434ab8dd342805051a  /prjtemp/ghy19/date2027_e2/20260914_231005_date2027_e2_bc_hotspot64/work/FM64/sdf_annotate.log,1244001,56084001,50000,49995,0.999900000,4,14.245988,14.244564,7.611887,12.400000,15.000000,True,True,True,True,True,PASS
PROP_temp64,HOTSPOT10,40,HOTSPOT10_n64_s202701_m40_PROP_temp64_top16,HOTSPOT10_n64_s202701_m40_PROP_temp64_top16.case,20260913_prop_temp64_asap_uc_m5_200,9f48e584f800db83b11cefadcfe9f3d065379ca530dfe0421135671b141a6460,37a41734aa36d309af5de34523a9db97fcf47ea3884bb7be9c87ae5e5092b0e1,770da49217b51f6165672c296927a5961502fa7436649e4c6b83572b6d5f2cf1,6275cc9307c07acca5d6b3a289d7d9373557f291ad7614d25a89da2467819ed8,cc2b2fccf0e71c98752595511fb6d5ce15f6de20ede1e9eac6365cd206fed54b,c6fa777f3b29c568c4eb92b401627024ec7a499d3911a1f45cb458a89cb4c98b  /prjtemp/ghy19/date2027_e2/20260914_231005_date2027_e2_bc_hotspot64/work/PROP_temp64/sdf_annotate.log,735001,25378001,50000,49995,0.999900000,4,31.702715,31.699544,7.532353,14.300000,19.700000,True,True,True,True,True,PASS
FM64,HOTSPOT10,40,HOTSPOT10_n64_s202701_m40_FM64_top0,HOTSPOT10_n64_s202701_m40_FM64_top0.case,20260913_104506_cmr_fm64_rpsdel150,9f48e584f800db83b11cefadcfe9f3d065379ca530dfe0421135671b141a6460,37a41734aa36d309af5de34523a9db97fcf47ea3884bb7be9c87ae5e5092b0e1,df0a3c3ddc2b26350f4bf23f945262f471c34dd3628a8cd0763529631f15e5b6,5a859c9979f959e1dd80da2182bb74b52aa4c2654e499c94226f0424b44e8030,65a557b4cf1b3c482163e18eb0ee94f965f8481187e6da67ef036b5ab5b1f84f,23dfd8e09500ac077ad7bc09b7620c2151181b5f21bb3b434ab8dd342805051a  /prjtemp/ghy19/date2027_e2/20260914_231005_date2027_e2_bc_hotspot64/work/FM64/sdf_annotate.log,735001,25378001,50000,49995,0.999900000,4,31.702715,31.699544,7.893534,13.300000,16.300000,True,True,True,True,True,PASS
PROP_temp64,HOTSPOT10,60,HOTSPOT10_n64_s202701_m60_PROP_temp64_top16,HOTSPOT10_n64_s202701_m60_PROP_temp64_top16.case,20260913_prop_temp64_asap_uc_m5_200,e5baa8257c637908087862966d1b4b0c8efc6264a17eea08a6c575404d999510,c715a14451f41ac98b446ad28f8f2e4e46be5cea4f48be18f6e772defde05b2d,7f6b7d07207c8f8399d3fa21e019383c7bbcf314dd4fcf5ecaa92290674f7077,4494c4b0a6a67b1b599e15bd70edf0f3af1ef40b74e0f028681c2a554347907c,9d9f2638779327376fef7c66452a39959b6d611ede5406dd6f61fd5042a2e950,c6fa777f3b29c568c4eb92b401627024ec7a499d3911a1f45cb458a89cb4c98b  /prjtemp/ghy19/date2027_e2/20260914_231005_date2027_e2_bc_hotspot64/work/PROP_temp64/sdf_annotate.log,479001,17487001,50000,49995,0.999900000,4,45.934266,45.929673,8.404429,17.300000,25.000000,True,True,True,True,True,PASS
FM64,HOTSPOT10,60,HOTSPOT10_n64_s202701_m60_FM64_top0,HOTSPOT10_n64_s202701_m60_FM64_top0.case,20260913_104506_cmr_fm64_rpsdel150,e5baa8257c637908087862966d1b4b0c8efc6264a17eea08a6c575404d999510,c715a14451f41ac98b446ad28f8f2e4e46be5cea4f48be18f6e772defde05b2d,d8978dcaa22b3cc658d04b284a2b97f242922545f7355aea2995d867e2b0a0ee,517e0532c18f5bb1dcdbdb801aa0771a5c3f1d4029db93a30f3f0a8ea58fbf40,48dc5c4a7e3af022cef99d47e9c90de2bda481c13d0e55294bcf238fea2d6e5c,23dfd8e09500ac077ad7bc09b7620c2151181b5f21bb3b434ab8dd342805051a  /prjtemp/ghy19/date2027_e2/20260914_231005_date2027_e2_bc_hotspot64/work/FM64/sdf_annotate.log,479001,17487001,50000,49995,0.999900000,4,45.934266,45.929673,8.322513,14.500000,19.000000,True,True,True,True,True,PASS
PROP_temp64,HOTSPOT10,80,HOTSPOT10_n64_s202701_m80_PROP_temp64_top16,HOTSPOT10_n64_s202701_m80_PROP_temp64_top16.case,20260913_prop_temp64_asap_uc_m5_200,f94ceed5484cf63db86d16bf3ed8049bc4a22022afe767a16f1e7094a871114c,f722f3eb20dd3ad3377db290a499ab1fc4f185132675357222ae5d0e37d8ea36,b4f6e580cfaa558ad6f99188535e62cebe36203ad3f9a18740debd588d0eabcf,37757e5f2edcd600a6e3a6c77088dd81d506faed8cb6cb54bc5a668a1e5f8e7f,7e2b4e0d613a6c4e17f78f9d23e9f5d92776622cdf97c0eec1c3d206f05c7fc6,c6fa777f3b29c568c4eb92b401627024ec7a499d3911a1f45cb458a89cb4c98b  /prjtemp/ghy19/date2027_e2/20260914_231005_date2027_e2_bc_hotspot64/work/PROP_temp64/sdf_annotate.log,492001,13578001,50000,49995,0.999900000,4,59.701207,59.695237,9.231986,20.000000,29.000000,True,True,True,True,True,PASS
FM64,HOTSPOT10,80,HOTSPOT10_n64_s202701_m80_FM64_top0,HOTSPOT10_n64_s202701_m80_FM64_top0.case,20260913_104506_cmr_fm64_rpsdel150,f94ceed5484cf63db86d16bf3ed8049bc4a22022afe767a16f1e7094a871114c,f722f3eb20dd3ad3377db290a499ab1fc4f185132675357222ae5d0e37d8ea36,9ced64f5d1f564248311d2cd73a95fdc23accd4668fd8b1435028f74c9c74103,50ab05e7cefd394160c5d37c5f6db581b2e0cf24ae5ba5b93f672ff31d5a5abe,03e05eaedb7f3a4cc25af9a19244be2aeed9b1dbbf8e4fcb81b277345983ad75,23dfd8e09500ac077ad7bc09b7620c2151181b5f21bb3b434ab8dd342805051a  /prjtemp/ghy19/date2027_e2/20260914_231005_date2027_e2_bc_hotspot64/work/FM64/sdf_annotate.log,492001,13578001,50000,49995,0.999900000,4,59.701207,59.695237,8.706130,15.800000,20.700000,True,True,True,True,True,PASS
PROP_temp64,HOTSPOT10,100,HOTSPOT10_n64_s202701_m100_PROP_temp64_top16,HOTSPOT10_n64_s202701_m100_PROP_temp64_top16.case,20260913_prop_temp64_asap_uc_m5_200,01f160968c70c58c00a3139674d5c5f83fdf4faef11847b0e651e70309e4992a,9791df06dfe60db088fa33d3a3b534be5391745fb0e1c871c3b721b76fdf7273,c72a4f6d85f72341fd2df4c6edfd68dc6521462933b92d8f7cd3b1d916ddfff2,785841c7a48da26ec8d18e31dc5647e689c8347e8503fc6643d0810fb00bba56,fdb9599e6d0e534651f4d95086b99545bfb02bf9ed6b51230beeb10c72a8e585,c6fa777f3b29c568c4eb92b401627024ec7a499d3911a1f45cb458a89cb4c98b  /prjtemp/ghy19/date2027_e2/20260914_231005_date2027_e2_bc_hotspot64/work/PROP_temp64/sdf_annotate.log,240001,10551001,50000,49995,0.999900000,4,75.768597,75.761020,10.145222,23.000000,34.200000,True,True,True,True,True,PASS
FM64,HOTSPOT10,100,HOTSPOT10_n64_s202701_m100_FM64_top0,HOTSPOT10_n64_s202701_m100_FM64_top0.case,20260913_104506_cmr_fm64_rpsdel150,01f160968c70c58c00a3139674d5c5f83fdf4faef11847b0e651e70309e4992a,9791df06dfe60db088fa33d3a3b534be5391745fb0e1c871c3b721b76fdf7273,9668f6e25b724bef43cf632b5defdfbe9457535399ed9b15375ff87f97b1d15b,095bdb4acd8e72df69ac54c90a89632de03fa16509aa9a683c24f11cf27f38a8,c8bdb1576405e711a199062f6db5ff5f74ab28e5f830a4b2dc51295dbf1292db,23dfd8e09500ac077ad7bc09b7620c2151181b5f21bb3b434ab8dd342805051a  /prjtemp/ghy19/date2027_e2/20260914_231005_date2027_e2_bc_hotspot64/work/FM64/sdf_annotate.log,240001,10551001,50000,49995,0.999900000,4,75.768597,75.761020,9.242811,17.500000,23.800000,True,True,True,True,True,PASS
PROP_temp64,HOTSPOT10,120,HOTSPOT10_n64_s202701_m120_PROP_temp64_top16,HOTSPOT10_n64_s202701_m120_PROP_temp64_top16.case,20260913_prop_temp64_asap_uc_m5_200,b41772bea8b1f83e77b85a26ea9bde7b927126d0995011127454a22f51c7611b,a1c0d947f0109c48ce9a4544b356940a6f92bc7a7a031fc94bd0b072e7310766,a64e5459c8cbd7e6ed87ecb8449a6a36d47d0f6aca410243bfe655a5e82f929b,a06f0f7fbc8d5865aba07ce02b4f861bd28cfce7072a6c3b8acae976ca77ffa4,456591749158ac90d65197034dc6c1c459b8a5d3b278e87b0f7ffc302bd831c1,c6fa777f3b29c568c4eb92b401627024ec7a499d3911a1f45cb458a89cb4c98b  /prjtemp/ghy19/date2027_e2/20260914_231005_date2027_e2_bc_hotspot64/work/PROP_temp64/sdf_annotate.log,278001,9566001,50000,49995,0.999900000,4,84.113910,84.105499,11.528631,28.400000,43.100000,True,True,True,True,True,PASS
FM64,HOTSPOT10,120,HOTSPOT10_n64_s202701_m120_FM64_top0,HOTSPOT10_n64_s202701_m120_FM64_top0.case,20260913_104506_cmr_fm64_rpsdel150,b41772bea8b1f83e77b85a26ea9bde7b927126d0995011127454a22f51c7611b,a1c0d947f0109c48ce9a4544b356940a6f92bc7a7a031fc94bd0b072e7310766,265a2625dccc5152acaf3f5fa742939d0fbc7c431e7e03fb0f700e1b6903b747,51994d2fdb54170827a5166f348e852f0c31f96be5a52ec3e3ef6dcd6080365a,846e49731ac479833f4a945223f90eed806ab2fce779fa2387d8c85dacdce054,23dfd8e09500ac077ad7bc09b7620c2151181b5f21bb3b434ab8dd342805051a  /prjtemp/ghy19/date2027_e2/20260914_231005_date2027_e2_bc_hotspot64/work/FM64/sdf_annotate.log,278001,9566001,50000,49995,0.999900000,4,84.113910,84.105499,9.908298,19.800000,27.900000,True,True,True,True,True,PASS
PROP_temp64,HOTSPOT10,140,HOTSPOT10_n64_s202701_m140_PROP_temp64_top16,HOTSPOT10_n64_s202701_m140_PROP_temp64_top16.case,20260913_prop_temp64_asap_uc_m5_200,97d32096181b7ea2173741c683c77763f4df5d661de14fdb603e02c77a5b4c08,f7a29e571413f830d18e7d70b878e9edce9c7c452a23383b5630531cdf36db70,d5c058d129dcc7851fbce34f482a6cbd79df5e3be33f3c09c67eab80f1c78c85,65d5df62424226e899ac6dbede56a619fd74af8fbfe3972ad85a926892d1a0e3,8d3cdc19e89bb922c3342f2cad69b3e3c544f31eb351f3f4fa85436cdda37def,c6fa777f3b29c568c4eb92b401627024ec7a499d3911a1f45cb458a89cb4c98b  /prjtemp/ghy19/date2027_e2/20260914_231005_date2027_e2_bc_hotspot64/work/PROP_temp64/sdf_annotate.log,243001,7725001,50000,49990,0.999800000,6,104.417268,104.396385,12.594721,31.300000,47.200000,True,True,True,False,False,PASS
FM64,HOTSPOT10,140,HOTSPOT10_n64_s202701_m140_FM64_top0,HOTSPOT10_n64_s202701_m140_FM64_top0.case,20260913_104506_cmr_fm64_rpsdel150,97d32096181b7ea2173741c683c77763f4df5d661de14fdb603e02c77a5b4c08,f7a29e571413f830d18e7d70b878e9edce9c7c452a23383b5630531cdf36db70,df4a8166ffb405160ac527d5874d12c5d0c43b9fc41e868260d5acc276ae3491,cf20089fcaa72231d7fd51640c76d530f1bbef2ebed73bda6d2fedd01240f0ad,4d86841fe8cf02257b8390e6e6bd43986072a704b550987623aeed490e313ccc,23dfd8e09500ac077ad7bc09b7620c2151181b5f21bb3b434ab8dd342805051a  /prjtemp/ghy19/date2027_e2/20260914_231005_date2027_e2_bc_hotspot64/work/FM64/sdf_annotate.log,243001,7725001,50000,49990,0.999800000,6,104.417268,104.396385,10.452076,20.800000,29.500000,True,True,True,False,False,PASS
PROP_temp64,HOTSPOT10,160,HOTSPOT10_n64_s202701_m160_PROP_temp64_top16,HOTSPOT10_n64_s202701_m160_PROP_temp64_top16.case,20260913_prop_temp64_asap_uc_m5_200,cc934c219208aefd08133f016ac8aa2e22a572bc14841119760390e18ea9cb9e,5b3180a174c4c1ac86ad409bf0ea6bf194d5dc9064a0fb2467a2c0b08d3cdae1,cc2e51b9a4ba704f1702817a3acdb0c1bea7d21301900ef20b061e3f14f5a2a2,b3eb43b8896921fed63d82a9e73cd6931870bd4a8b4bd80f9b03f82f93fe0e01,2a55e1fdf658080a6daec8f2a5a5d3c5c13afef5027c5c8d9944839508c7137e,c6fa777f3b29c568c4eb92b401627024ec7a499d3911a1f45cb458a89cb4c98b  /prjtemp/ghy19/date2027_e2/20260914_231005_date2027_e2_bc_hotspot64/work/PROP_temp64/sdf_annotate.log,198001,6625001,50000,49995,0.999900000,4,121.557492,121.545336,13.442126,33.400000,48.300000,True,True,True,True,True,PASS
FM64,HOTSPOT10,160,HOTSPOT10_n64_s202701_m160_FM64_top0,HOTSPOT10_n64_s202701_m160_FM64_top0.case,20260913_104506_cmr_fm64_rpsdel150,cc934c219208aefd08133f016ac8aa2e22a572bc14841119760390e18ea9cb9e,5b3180a174c4c1ac86ad409bf0ea6bf194d5dc9064a0fb2467a2c0b08d3cdae1,c9852c383883a844c98a59551120039019cb7f4b1c59bee7c9121b108354b834,cb22ddefffcd4c567b0a8a72eb0419e5dae30b8a56e868b3ccf0118418ea95ab,312ca487df9782128ac19178948aa417e90ca687106a1515cc62a73a6e18d4e3,23dfd8e09500ac077ad7bc09b7620c2151181b5f21bb3b434ab8dd342805051a  /prjtemp/ghy19/date2027_e2/20260914_231005_date2027_e2_bc_hotspot64/work/FM64/sdf_annotate.log,198001,6625001,50000,49995,0.999900000,4,121.557492,121.545336,11.667017,25.000000,36.700000,True,True,True,True,True,PASS
PROP_temp64,HOTSPOT10,180,HOTSPOT10_n64_s202701_m180_PROP_temp64_top16,HOTSPOT10_n64_s202701_m180_PROP_temp64_top16.case,20260913_prop_temp64_asap_uc_m5_200,12ae8c91b5f0f4cfc97b5f2a3676fb08258e7f9c5011f9226d91438e25b895ea,fe689483b4b235a10adc3f987c18b54f0d6652c87800ef2db2852df13738fda5,7aa97e727ea80a45e6541de57eb161fb053780ee0aaf0c6b3ee1c191659f03ed,16ca551adcc75877c99c5716838a9246aab5978fb67bbc46ecf163a70669760c,03e50281e1105cb4bb8f176c40c64cab32485fcf019b0a1602951b7f21e2129b,c6fa777f3b29c568c4eb92b401627024ec7a499d3911a1f45cb458a89cb4c98b  /prjtemp/ghy19/date2027_e2/20260914_231005_date2027_e2_bc_hotspot64/work/PROP_temp64/sdf_annotate.log,168001,5673001,50000,49992,0.999840000,6,141.916440,141.893733,15.173873,39.800000,61.400000,True,True,True,False,False,PASS
FM64,HOTSPOT10,180,HOTSPOT10_n64_s202701_m180_FM64_top0,HOTSPOT10_n64_s202701_m180_FM64_top0.case,20260913_104506_cmr_fm64_rpsdel150,12ae8c91b5f0f4cfc97b5f2a3676fb08258e7f9c5011f9226d91438e25b895ea,fe689483b4b235a10adc3f987c18b54f0d6652c87800ef2db2852df13738fda5,91ee206e8c33e5eadf47e07c10e34dd72fe0775ec81547f9c8a9e836837c84c5,85ae895cda509eab97225b69dc21ecc5b1b8b878a00dcfd99a150a2061685121,7cba2fe3e35c7ba4479eaee53e6eb7f59cfbe6023a75650e7f7e7737ca69752c,23dfd8e09500ac077ad7bc09b7620c2151181b5f21bb3b434ab8dd342805051a  /prjtemp/ghy19/date2027_e2/20260914_231005_date2027_e2_bc_hotspot64/work/FM64/sdf_annotate.log,168001,5673001,50000,49990,0.999800000,4,141.916440,141.888056,13.649375,31.400000,51.800000,True,True,True,True,True,PASS
PROP_temp64,HOTSPOT10,200,HOTSPOT10_n64_s202701_m200_PROP_temp64_top16,HOTSPOT10_n64_s202701_m200_PROP_temp64_top16.case,20260913_prop_temp64_asap_uc_m5_200,86f64c42f621555dd42bd8bea65b48da2055f6922be02392c2d8b4e1bef1c7f5,93e5ad08f029c63850a12bf58578e7c711695151fdf9f0551d7f7f47211ba6d0,ae505460f10a4df33850ecea0e5a5a06be4812579144be2113da1e14e7f72847,b27b4b65bb0ba4af5fe1e4523f6d1e43218fd8790861770d3202d6e3914f5117,e1c494f65567e72290d85dd519d46af6d262b96d3df5c5f87a5649d5e4d6a69e,c6fa777f3b29c568c4eb92b401627024ec7a499d3911a1f45cb458a89cb4c98b  /prjtemp/ghy19/date2027_e2/20260914_231005_date2027_e2_bc_hotspot64/work/PROP_temp64/sdf_annotate.log,191001,5348001,50000,49995,0.999900000,4,151.493116,151.477967,15.721470,39.800000,59.800000,True,True,True,True,True,PASS
FM64,HOTSPOT10,200,HOTSPOT10_n64_s202701_m200_FM64_top0,HOTSPOT10_n64_s202701_m200_FM64_top0.case,20260913_104506_cmr_fm64_rpsdel150,86f64c42f621555dd42bd8bea65b48da2055f6922be02392c2d8b4e1bef1c7f5,93e5ad08f029c63850a12bf58578e7c711695151fdf9f0551d7f7f47211ba6d0,b1a9a993e586e652a227bcbd752da108798593b4ac430476d340692f309fa2d3,0fa6491b35829de884c75c6fb802f46e5f5590d19ef15b4d99238c2fc3688c26,db78d605a77120cb7b2e1109a58af7b878cce1936dc6c52314a2ef87b825e6d8,23dfd8e09500ac077ad7bc09b7620c2151181b5f21bb3b434ab8dd342805051a  /prjtemp/ghy19/date2027_e2/20260914_231005_date2027_e2_bc_hotspot64/work/FM64/sdf_annotate.log,191001,5348001,50000,49995,0.999900000,4,151.493116,151.477967,15.756841,38.700000,64.900000,True,True,True,True,True,PASS
PROP_temp64,HOTSPOT10,220,HOTSPOT10_n64_s202701_m220_PROP_temp64_top16,HOTSPOT10_n64_s202701_m220_PROP_temp64_top16.case,20260913_prop_temp64_asap_uc_m5_200,3f5bbcca6a2c039a19004402c3e2b871a1619995964604716f0fb333c4317e49,fcf406f7278ad21649a510a40886a17f88cc3c9129831e868382736c31d0cf44,615647b69ca6b32503b9008fd9bc8ba02bdbe145ff94cd74a655646112495b91,bf5b6495d6fc5b371e4a8621a718422e4568ab39d15d4bc0b84b61ae63a24ccd,01a131a25bafc326608b49a9ca0cd4219f94c0db965a53d16865c8cd8013570e,c6fa777f3b29c568c4eb92b401627024ec7a499d3911a1f45cb458a89cb4c98b  /prjtemp/ghy19/date2027_e2/20260914_231005_date2027_e2_bc_hotspot64/work/PROP_temp64/sdf_annotate.log,156001,4877001,50000,49995,0.999900000,4,165.484008,165.467459,17.898259,47.400000,67.500000,True,True,True,True,True,PASS
FM64,HOTSPOT10,220,HOTSPOT10_n64_s202701_m220_FM64_top0,HOTSPOT10_n64_s202701_m220_FM64_top0.case,20260913_104506_cmr_fm64_rpsdel150,3f5bbcca6a2c039a19004402c3e2b871a1619995964604716f0fb333c4317e49,fcf406f7278ad21649a510a40886a17f88cc3c9129831e868382736c31d0cf44,a9be8e99b6c6a1a5b79b225f791ee0f1503046acc5f9eafb0de0ff7ed54edd53,77408a5579486f772ce18fca9568a457fa35a655406be5c84fb8f9005dcc682b,f4ca8f74334264beb70784e7dc9f678f9ed092098407d2e2871c1993acc71606,23dfd8e09500ac077ad7bc09b7620c2151181b5f21bb3b434ab8dd342805051a  /prjtemp/ghy19/date2027_e2/20260914_231005_date2027_e2_bc_hotspot64/work/FM64/sdf_annotate.log,156001,4877001,50000,49995,0.999900000,4,165.484008,165.467459,20.378050,55.900000,109.700000,True,True,True,True,True,PASS
PROP_temp64,HOTSPOT10,240,HOTSPOT10_n64_s202701_m240_PROP_temp64_top16,HOTSPOT10_n64_s202701_m240_PROP_temp64_top16.case,20260913_prop_temp64_asap_uc_m5_200,92e696cb1b0bd7862902438315bb7793e09bca3ccd37c2e8d772166728e0ee34,77545c6d10c7b9b75e175d542ee9c955869fed209c94df9fbf1ffb5c357db4d1,ce4fc218c982d5479a27199f17edea4895d32217e7ebea25c9c8a08884d0fba2,6286b52e27177201eae33f281fb55356c289c92205dad2ff4603a93bd11b69db,e008c0d92ac7bf17760f79b4b07ff2df3afdefab5cf0f1d231479f20d2deea59,c6fa777f3b29c568c4eb92b401627024ec7a499d3911a1f45cb458a89cb4c98b  /prjtemp/ghy19/date2027_e2/20260914_231005_date2027_e2_bc_hotspot64/work/PROP_temp64/sdf_annotate.log,152001,4677001,50000,49995,0.999900000,4,172.651934,172.634669,19.424597,51.500000,81.300000,True,True,True,True,True,PASS
FM64,HOTSPOT10,240,HOTSPOT10_n64_s202701_m240_FM64_top0,HOTSPOT10_n64_s202701_m240_FM64_top0.case,20260913_104506_cmr_fm64_rpsdel150,92e696cb1b0bd7862902438315bb7793e09bca3ccd37c2e8d772166728e0ee34,77545c6d10c7b9b75e175d542ee9c955869fed209c94df9fbf1ffb5c357db4d1,21cd6d351fc30cbaf6d3329db4b08e3351e73aed7b34a009900b3be8cf8c47d8,5ac23fe9fc0bb7b34bae881f55ab3484ba900294eb50f3d35bd2ac849edf8616,6b49c73417bd05c98a7cdc2cb507246a4657964e444f6c57c786f8511202b6ea,23dfd8e09500ac077ad7bc09b7620c2151181b5f21bb3b434ab8dd342805051a  /prjtemp/ghy19/date2027_e2/20260914_231005_date2027_e2_bc_hotspot64/work/FM64/sdf_annotate.log,152001,4677001,50000,49995,0.999900000,4,172.651934,172.634669,35.081248,120.000000,222.900000,True,True,True,True,True,PASS
PROP_temp64,HOTSPOT10,260,HOTSPOT10_n64_s202701_m260_PROP_temp64_top16,HOTSPOT10_n64_s202701_m260_PROP_temp64_top16.case,20260913_prop_temp64_asap_uc_m5_200,8c9de71953efd5bfe5f2be5422acdd72e3b9d4f0978ec57b0d58bab054ddd3ef,5d6201c9c173296a46febe3f0d3db2b64800b6cd7d5e7893f329e546bbd288e9,7eef79f3787d5a6926348ad72bcdf1541887fa38be8ac7e039952810728522c4,2cf862fb06c0b022132d4584128bfd582d4a1cf89df9bcad7d7ccbf70e085eb7,8232e46ec1ef3371b742bc660f97d9829fadf693ad5ba3ac8e53552bbee93f9d,c6fa777f3b29c568c4eb92b401627024ec7a499d3911a1f45cb458a89cb4c98b  /prjtemp/ghy19/date2027_e2/20260914_231005_date2027_e2_bc_hotspot64/work/PROP_temp64/sdf_annotate.log,108001,4114001,50000,49995,0.999900000,4,195.019970,195.000468,22.576897,60.700000,95.400000,True,True,True,True,True,PASS
FM64,HOTSPOT10,260,HOTSPOT10_n64_s202701_m260_FM64_top0,HOTSPOT10_n64_s202701_m260_FM64_top0.case,20260913_104506_cmr_fm64_rpsdel150,8c9de71953efd5bfe5f2be5422acdd72e3b9d4f0978ec57b0d58bab054ddd3ef,5d6201c9c173296a46febe3f0d3db2b64800b6cd7d5e7893f329e546bbd288e9,6a1dc54257e71795f37a091dc27ce30b39e8c2946b481893f7d05412c2037b70,4bb147b5108c712ac481dd9ac679cef3e3b19bba31227415b7358d050b6da5f2,9e1a9d3702bb114a2bf687a704a558eea0ac4f95fe5243e7725c17f800b0ce63,23dfd8e09500ac077ad7bc09b7620c2151181b5f21bb3b434ab8dd342805051a  /prjtemp/ghy19/date2027_e2/20260914_231005_date2027_e2_bc_hotspot64/work/FM64/sdf_annotate.log,108001,4114001,50000,49995,0.999900000,4,195.019970,195.000468,95.429825,400.100000,919.000000,True,True,True,True,True,PASS
PROP_temp64,HOTSPOT10,280,HOTSPOT10_n64_s202701_m280_PROP_temp64_top16,HOTSPOT10_n64_s202701_m280_PROP_temp64_top16.case,20260913_prop_temp64_asap_uc_m5_200,293db666a74f7ece1d4add70d9bfc8ff60b93b440a43bd5d4c4c366daced6a7e,57c304d776bd3ddb879c304cf8cdb1966afae63b8ddaea13550d699b56c19d8c,c40cd6044211c6320ada060ef36cad092356974e6a25de8fec6b6ac31265ad0e,0f2958ab4406d5321d31b29a2c08bd7e74ca35cab55c34c7af3227715493fb6a,fd262d9f391fe9790677ce977902de3b839c1f73ed8d645bf02193cd8fefd6f7,c6fa777f3b29c568c4eb92b401627024ec7a499d3911a1f45cb458a89cb4c98b  /prjtemp/ghy19/date2027_e2/20260914_231005_date2027_e2_bc_hotspot64/work/PROP_temp64/sdf_annotate.log,117001,4076001,50000,49990,0.999800000,6,197.335186,197.295719,24.534104,66.000000,105.000000,True,True,True,False,False,PASS
FM64,HOTSPOT10,280,HOTSPOT10_n64_s202701_m280_FM64_top0,HOTSPOT10_n64_s202701_m280_FM64_top0.case,20260913_104506_cmr_fm64_rpsdel150,293db666a74f7ece1d4add70d9bfc8ff60b93b440a43bd5d4c4c366daced6a7e,57c304d776bd3ddb879c304cf8cdb1966afae63b8ddaea13550d699b56c19d8c,e73f16adfadaf8ae4aed06b75a02492e93ecd32740ec09793bbab4c9b4742b1c,af6b48e1809f7d68d5185d6d46f510682f44d63869e1d24049fd3c5e9e17a230,c086f1df33f2c77103896306dcde9c551c409cc415006f3ff9f1bb54e34f602a,23dfd8e09500ac077ad7bc09b7620c2151181b5f21bb3b434ab8dd342805051a  /prjtemp/ghy19/date2027_e2/20260914_231005_date2027_e2_bc_hotspot64/work/FM64/sdf_annotate.log,117001,4076001,50000,49940,0.998800000,56,197.335186,197.098383,226.288939,867.100000,1499.400000,True,True,True,False,False,PASS
PROP_temp64,HOTSPOT10,300,HOTSPOT10_n64_s202701_m300_PROP_temp64_top16,HOTSPOT10_n64_s202701_m300_PROP_temp64_top16.case,20260913_prop_temp64_asap_uc_m5_200,00053257c2d718797cc1f9bce4def19ccc90cee705830695b333428f5e930f92,fdcca128cf2f4ac82c582af1e0a35ead1692125658b0a897d85449dae0273349,9483260a98daaa8cb33f7e98f73c33bf60c5f08122774266d21f6142cf4eb983,fe1aefeb0fc4f4a337942f98943e82e893a5ce9b2c16df6645e98f475f876b5a,9b5f58cceb41ba18da30f84eb21c0fa9a949a61400b08c9c00bbeeeddc460e65,c6fa777f3b29c568c4eb92b401627024ec7a499d3911a1f45cb458a89cb4c98b  /prjtemp/ghy19/date2027_e2/20260914_231005_date2027_e2_bc_hotspot64/work/PROP_temp64/sdf_annotate.log,103001,3476001,50000,49995,0.999900000,4,231.618737,231.595575,28.907959,78.900000,126.000000,True,True,True,True,True,PASS
FM64,HOTSPOT10,300,HOTSPOT10_n64_s202701_m300_FM64_top0,HOTSPOT10_n64_s202701_m300_FM64_top0.case,20260913_104506_cmr_fm64_rpsdel150,00053257c2d718797cc1f9bce4def19ccc90cee705830695b333428f5e930f92,fdcca128cf2f4ac82c582af1e0a35ead1692125658b0a897d85449dae0273349,7b046032e2e159c1df531aea13b294d064058250e956d108564c16b8087cf895,deeb31b0413f79800ddfab56e8ba9c5a0872558a02848cf3255e83f1001da67f,6a3135d685b40a2797f6264d94cc7a46898048376912668123770badab2f15f5,23dfd8e09500ac077ad7bc09b7620c2151181b5f21bb3b434ab8dd342805051a  /prjtemp/ghy19/date2027_e2/20260914_231005_date2027_e2_bc_hotspot64/work/FM64/sdf_annotate.log,103001,3476001,50000,48768,0.975360000,1164,231.618737,225.911651,266.526062,1060.100000,1308.000000,True,True,True,False,False,PASS
PROP_temp64,HOTSPOT10,320,HOTSPOT10_n64_s202701_m320_PROP_temp64_top16,HOTSPOT10_n64_s202701_m320_PROP_temp64_top16.case,20260913_prop_temp64_asap_uc_m5_200,6116f41691133d5f5bfe7a84c4f472f7f495be5e564ca04e4d240f4d73a6fdce,14cb1f7d5059e17c29fe7692d20319e75af47c16a0d7b4b7c68d97efaa0849ef,ec3987032e93debdfc737d87e21e39a30d565ca75a2a32432e123d944131e0c7,37d6f6fab7f727d61a6279daf08213a72b39076ff4cf49dbf0cc8eb60db5c0a8,8d6a7f021e1c4d13712ba96f49f411805037639e4e82b73095c3e7c994de1a5d,c6fa777f3b29c568c4eb92b401627024ec7a499d3911a1f45cb458a89cb4c98b  /prjtemp/ghy19/date2027_e2/20260914_231005_date2027_e2_bc_hotspot64/work/PROP_temp64/sdf_annotate.log,69001,3552001,50000,49995,0.999900000,4,224.303761,224.281331,36.109062,103.900000,163.500000,True,True,True,True,True,PASS
FM64,HOTSPOT10,320,HOTSPOT10_n64_s202701_m320_FM64_top0,HOTSPOT10_n64_s202701_m320_FM64_top0.case,20260913_104506_cmr_fm64_rpsdel150,6116f41691133d5f5bfe7a84c4f472f7f495be5e564ca04e4d240f4d73a6fdce,14cb1f7d5059e17c29fe7692d20319e75af47c16a0d7b4b7c68d97efaa0849ef,87760f0dc5c01c834942edc7c52b2308db59c36fbfc5c47d2b08e7e827996cee,261ecd6305cb5cbe4019b0adf35bbfb6ace79651cf006a32ace12a1e8decf560,34d503eca842af44675d869c8aa23e1d1b36ecb3aab69d9d42addc8205278bca,23dfd8e09500ac077ad7bc09b7620c2151181b5f21bb3b434ab8dd342805051a  /prjtemp/ghy19/date2027_e2/20260914_231005_date2027_e2_bc_hotspot64/work/FM64/sdf_annotate.log,69001,3552001,50000,48962,0.979240000,967,224.303761,219.647215,377.708094,1188.800000,1619.900000,True,True,True,False,False,PASS
PROP_temp64,HOTSPOT10,340,HOTSPOT10_n64_s202701_m340_PROP_temp64_top16,HOTSPOT10_n64_s202701_m340_PROP_temp64_top16.case,20260913_prop_temp64_asap_uc_m5_200,f0103d0c62101e82de2e6f2b2d023f43216f26b852b5cb919b28a0cf5b5ae39e,b08f54ba25584212d2dfec6b1e4bee5e45cbdddb0f838f712f4068db2fed6a56,561f1043e50c776312a76566f807606cec73d8968906949bf8d944522211a0e7,d10632fad33451556a542d027042f330f734813c219a1d52f9eba668bdf573d3,2930acff491bdda879bffe8359fc71d608b4bc5d3d9f438ef7768caa59998777,c6fa777f3b29c568c4eb92b401627024ec7a499d3911a1f45cb458a89cb4c98b  /prjtemp/ghy19/date2027_e2/20260914_231005_date2027_e2_bc_hotspot64/work/PROP_temp64/sdf_annotate.log,120001,3491001,50000,49995,0.999900000,4,231.756155,231.732980,40.650278,112.000000,173.200000,True,True,True,True,True,PASS
FM64,HOTSPOT10,340,HOTSPOT10_n64_s202701_m340_FM64_top0,HOTSPOT10_n64_s202701_m340_FM64_top0.case,20260913_104506_cmr_fm64_rpsdel150,f0103d0c62101e82de2e6f2b2d023f43216f26b852b5cb919b28a0cf5b5ae39e,b08f54ba25584212d2dfec6b1e4bee5e45cbdddb0f838f712f4068db2fed6a56,4f8d28705842e33934eab49c9217fa93de11084c6a76507a1922b7594db33f6d,2e4e6966d331a8aa0f7a1bc1dc24f2d79cf89eea68cfbb70d51be28e132b9e65,7aef0af844918252e85b9b5770d03e167c7b4a10189e6ba56c93772cb3ac4411,23dfd8e09500ac077ad7bc09b7620c2151181b5f21bb3b434ab8dd342805051a  /prjtemp/ghy19/date2027_e2/20260914_231005_date2027_e2_bc_hotspot64/work/FM64/sdf_annotate.log,120001,3491001,50000,48570,0.971400000,1357,231.756155,225.127929,421.242704,1252.300000,1689.300000,True,True,True,False,False,PASS
PROP_temp64,HOTSPOT10,360,HOTSPOT10_n64_s202701_m360_PROP_temp64_top16,HOTSPOT10_n64_s202701_m360_PROP_temp64_top16.case,20260913_prop_temp64_asap_uc_m5_200,a084d420f4a0ad78ce03488da3d58e9b15da69aa150c4762760c34a120f37584,d129de9bca5d6064dc4c02288a9dcc0e918f274b59d2331ad8e703638a44ed90,d5d08ea9bd85d488bf421d067e99e68b0ada05d9962a5624d1db7ce563bc13b1,16f30edbfc1898a82c6c1ea13ecabda9fc8f7ea8e901e8fc349938470ecda037,d029db5f2318ed813067d1ce4e5de3e79cb9af0d48903b60e6c5a752c8b094e5,c6fa777f3b29c568c4eb92b401627024ec7a499d3911a1f45cb458a89cb4c98b  /prjtemp/ghy19/date2027_e2/20260914_231005_date2027_e2_bc_hotspot64/work/PROP_temp64/sdf_annotate.log,116001,2986001,50000,49995,0.999900000,4,272.212544,272.185322,49.658219,146.500000,207.400000,True,True,True,True,True,PASS
FM64,HOTSPOT10,360,HOTSPOT10_n64_s202701_m360_FM64_top0,HOTSPOT10_n64_s202701_m360_FM64_top0.case,20260913_104506_cmr_fm64_rpsdel150,a084d420f4a0ad78ce03488da3d58e9b15da69aa150c4762760c34a120f37584,d129de9bca5d6064dc4c02288a9dcc0e918f274b59d2331ad8e703638a44ed90,176769ecc32f72e7489dcd22f4dae3d42a493750f8f1d3be72cb9edf3c29b52a,418fc3450e8ffc337844aa640d6a99623292b1621f5c000c78acf24e368cf8fb,30ed52623ac60cafedd13642898a008313ef254a3efd71bf1926ba7434cec9df,23dfd8e09500ac077ad7bc09b7620c2151181b5f21bb3b434ab8dd342805051a  /prjtemp/ghy19/date2027_e2/20260914_231005_date2027_e2_bc_hotspot64/work/FM64/sdf_annotate.log,116001,2986001,50000,43571,0.871420000,6197,272.212544,237.211455,424.671543,1138.600000,1549.800000,True,True,True,False,False,PASS
PROP_temp64,HOTSPOT10,380,HOTSPOT10_n64_s202701_m380_PROP_temp64_top16,HOTSPOT10_n64_s202701_m380_PROP_temp64_top16.case,20260913_prop_temp64_asap_uc_m5_200,ffd4aae723d816c80b860f820156a69b25b4e6a5f03aac3b7d139ac3ba8a74ad,aa869512b0889006501b25360de6fcb8b3f74d70e1ea9ac5b991df75778f5435,14f1e614812fea97abde651ca076284a3e619f35501f86c02b516e755c3f3ca4,a637a1c8fd60184e79c4f3083ec2579354dfdeb4d5eb378c208caca663ec534c,13b3a2795afa65bdfe9f85f4426f6aff56c94d39406f11ee9e9f0fb4cacb90d0,c6fa777f3b29c568c4eb92b401627024ec7a499d3911a1f45cb458a89cb4c98b  /prjtemp/ghy19/date2027_e2/20260914_231005_date2027_e2_bc_hotspot64/work/PROP_temp64/sdf_annotate.log,108001,2867001,50000,49990,0.999800000,6,283.164190,283.107557,54.018050,139.600000,190.100000,True,True,True,False,False,PASS
FM64,HOTSPOT10,380,HOTSPOT10_n64_s202701_m380_FM64_top0,HOTSPOT10_n64_s202701_m380_FM64_top0.case,20260913_104506_cmr_fm64_rpsdel150,ffd4aae723d816c80b860f820156a69b25b4e6a5f03aac3b7d139ac3ba8a74ad,aa869512b0889006501b25360de6fcb8b3f74d70e1ea9ac5b991df75778f5435,2608d4d497e47cec48ace75ee5e8f42fe4e57992d50bdd0d875693b55f95bec9,52a4540651f7901d9d52502ca9e3c3be642c26295c8eb0ab486d84b6f74392fd,b87af58b2b9498e5c22ddca4d84075549e7e4e5578cd7cbef154e9fba8445388,23dfd8e09500ac077ad7bc09b7620c2151181b5f21bb3b434ab8dd342805051a  /prjtemp/ghy19/date2027_e2/20260914_231005_date2027_e2_bc_hotspot64/work/FM64/sdf_annotate.log,108001,2867001,50000,41454,0.829080000,8267,283.164190,234.765767,442.363512,1218.100000,1525.500000,True,True,True,False,False,PASS
PROP_temp64,HOTSPOT10,400,HOTSPOT10_n64_s202701_m400_PROP_temp64_top16,HOTSPOT10_n64_s202701_m400_PROP_temp64_top16.case,20260913_prop_temp64_asap_uc_m5_200,9a3ed6bc6a7c24ea73be02be01dbb9044835f4e2dbe0015a7b3caf1764b0948e,8f362e65b6e242f41b896ef9dead6839d2b70ca94c346a91027096c08c9cb0b5,fe198096f931035fed08c82bc28c591b7f5fc07be13e4d607982b04c38f76da5,869570c16f3a96d54590c8a6e5f10ec91dbfe395d6804204a8e88f3948f018e6,db94bea778dc44e412f3ec7774e9e33151935722206df11e5198147f7500e6e0,c6fa777f3b29c568c4eb92b401627024ec7a499d3911a1f45cb458a89cb4c98b  /prjtemp/ghy19/date2027_e2/20260914_231005_date2027_e2_bc_hotspot64/work/PROP_temp64/sdf_annotate.log,84001,2814001,50000,49986,0.999720000,11,286.172161,286.092033,89.966484,284.300000,381.700000,True,True,True,False,False,PASS
FM64,HOTSPOT10,400,HOTSPOT10_n64_s202701_m400_FM64_top0,HOTSPOT10_n64_s202701_m400_FM64_top0.case,20260913_104506_cmr_fm64_rpsdel150,9a3ed6bc6a7c24ea73be02be01dbb9044835f4e2dbe0015a7b3caf1764b0948e,8f362e65b6e242f41b896ef9dead6839d2b70ca94c346a91027096c08c9cb0b5,e0c55871916c895153b34c57d61fbed37d6479748824e2134ae1c31b8e25a813,a70045cc21c8dc607e70706150d72183d6acb6f95b07dd4d9a9f9177aa0444b2,cd592bdb1e42006b0e09d6a17eccf708c93fa330eeacfc5ffc12cd0ea7ad8847,23dfd8e09500ac077ad7bc09b7620c2151181b5f21bb3b434ab8dd342805051a  /prjtemp/ghy19/date2027_e2/20260914_231005_date2027_e2_bc_hotspot64/work/FM64/sdf_annotate.log,84001,2814001,50000,40543,0.810860000,9151,286.172161,232.045559,493.986920,1323.900000,1570.300000,True,True,True,False,False,PASS
PROP_temp64,HOTSPOT10,420,HOTSPOT10_n64_s202701_m420_PROP_temp64_top16,HOTSPOT10_n64_s202701_m420_PROP_temp64_top16.case,20260913_prop_temp64_asap_uc_m5_200,767cbca9cc8a5b5f8aaab8ea055fa7cd9060155c67d60c5d048e9917dd912e46,4a19d9ef0f3f5ae4f8de396f9b9e2fe8a52568d5e2c3ef4cec76349d6aed857e,6ebd1b61f8649009153ba956aeac088a47457eecd4c834cf47f19ec78265cc1e,9985fa377814caae834c17932eacf1f72299382dafbc4fb12c1025dfcdf438e8,d4659371b1a70b75c57170cf5993b0b205c0193b6814580b6a1ad66b83245450,c6fa777f3b29c568c4eb92b401627024ec7a499d3911a1f45cb458a89cb4c98b  /prjtemp/ghy19/date2027_e2/20260914_231005_date2027_e2_bc_hotspot64/work/PROP_temp64/sdf_annotate.log,73001,2627001,50000,49990,0.999800000,6,305.892717,305.831539,100.849150,265.600000,451.400000,True,True,True,False,False,PASS
FM64,HOTSPOT10,420,HOTSPOT10_n64_s202701_m420_FM64_top0,HOTSPOT10_n64_s202701_m420_FM64_top0.case,20260913_104506_cmr_fm64_rpsdel150,767cbca9cc8a5b5f8aaab8ea055fa7cd9060155c67d60c5d048e9917dd912e46,4a19d9ef0f3f5ae4f8de396f9b9e2fe8a52568d5e2c3ef4cec76349d6aed857e,128ce170d1c5f48e3151b0caecf5a34c0347cf5e060362f0393d7e219be82005,30cdc2c52ab5abfe014d025d8c78552727998a970d73709356133c7e6ca95518,850c14ba137f572c4799b7e938461fb3207607ae1d41a024acd90f86dbc63198,23dfd8e09500ac077ad7bc09b7620c2151181b5f21bb3b434ab8dd342805051a  /prjtemp/ghy19/date2027_e2/20260914_231005_date2027_e2_bc_hotspot64/work/FM64/sdf_annotate.log,73001,2627001,50000,37865,0.757300000,11759,305.892717,231.652555,495.634219,1258.600000,1532.400000,True,True,True,False,False,PASS
PROP_temp64,HOTSPOT10,440,HOTSPOT10_n64_s202701_m440_PROP_temp64_top16,HOTSPOT10_n64_s202701_m440_PROP_temp64_top16.case,20260913_prop_temp64_asap_uc_m5_200,4ccc51199386e3f6c496b1bafe64caadd30f4385358082879b43da902c2aa5ac,69e4f35167876d298176a43d488c51de6ec2d4b33aa2b41afeb3dd6c823400f3,d8b3067a80c22630da8823ae6ebf2873b0cbee54f0525a4862e065f110201de1,3bc13d357c9c530b6e0dae5181feb81937aab5cc48f8511068dbd4dcdba7f1ea,ed95d1b48dfff05b6b935e2a9925ca58ef0652a34a8492f47535fc195ed20cd7,c6fa777f3b29c568c4eb92b401627024ec7a499d3911a1f45cb458a89cb4c98b  /prjtemp/ghy19/date2027_e2/20260914_231005_date2027_e2_bc_hotspot64/work/PROP_temp64/sdf_annotate.log,101001,2486001,50000,49948,0.998960000,47,327.568134,327.227463,140.123029,357.500000,495.700000,True,True,True,False,False,PASS
FM64,HOTSPOT10,440,HOTSPOT10_n64_s202701_m440_FM64_top0,HOTSPOT10_n64_s202701_m440_FM64_top0.case,20260913_104506_cmr_fm64_rpsdel150,4ccc51199386e3f6c496b1bafe64caadd30f4385358082879b43da902c2aa5ac,69e4f35167876d298176a43d488c51de6ec2d4b33aa2b41afeb3dd6c823400f3,d45d77853f7f20b21e1608dd4c919c5f485c8dc2ab31f541969c8cf24a982d5d,5f839d573fd40ead492fb5d154f38dd9a4f3eb16518a7567a9d3c2bca14c6e34,13d27860faf6b962ca6cca9b9c50448e44bcaedc2fde582943eafa74b3067676,23dfd8e09500ac077ad7bc09b7620c2151181b5f21bb3b434ab8dd342805051a  /prjtemp/ghy19/date2027_e2/20260914_231005_date2027_e2_bc_hotspot64/work/FM64/sdf_annotate.log,101001,2486001,50000,35645,0.712900000,13959,327.568134,233.523323,521.799054,1227.000000,1509.400000,True,True,True,False,False,PASS
PROP_temp64,HOTSPOT10,460,HOTSPOT10_n64_s202701_m460_PROP_temp64_top16,HOTSPOT10_n64_s202701_m460_PROP_temp64_top16.case,20260913_prop_temp64_asap_uc_m5_200,02c1c9b698e1aa20903437ecbc999cf81601846bfbeed32858dfb84157f4bfd5,6474e0d8d22bd75fe1bb652424c86433ebcf519c0431a916a8343e4249b5009f,d8dc5c365e7da5e981ddcf0e301923eb6ea646e2e06194f1b15082c15757baa5,62ab83b009ad5f198fb0d2b333799f7b45260dc11ff3baac7b94f759954e3057,9613897715e1728c5249867dd43b8d5e1f3dbd25349c760576deca956d4f8449,c6fa777f3b29c568c4eb92b401627024ec7a499d3911a1f45cb458a89cb4c98b  /prjtemp/ghy19/date2027_e2/20260914_231005_date2027_e2_bc_hotspot64/work/PROP_temp64/sdf_annotate.log,98001,2454001,50000,49829,0.996580000,161,331.600170,330.466097,175.898305,462.500000,587.000000,True,True,True,False,False,PASS
FM64,HOTSPOT10,460,HOTSPOT10_n64_s202701_m460_FM64_top0,HOTSPOT10_n64_s202701_m460_FM64_top0.case,20260913_104506_cmr_fm64_rpsdel150,02c1c9b698e1aa20903437ecbc999cf81601846bfbeed32858dfb84157f4bfd5,6474e0d8d22bd75fe1bb652424c86433ebcf519c0431a916a8343e4249b5009f,bfad2e8c994476badebbfc47ea4533a0dbb0be2ddc10e48c758a0bbe8a7e8ef0,31a47b09f630dfeb3215c0b4152e7c9a8f775abef87567e960d06dc368d46183,22eebc2fe792493fa46261750016e652254bfc466800210a5c34e8fa41cc12bd,23dfd8e09500ac077ad7bc09b7620c2151181b5f21bb3b434ab8dd342805051a  /prjtemp/ghy19/date2027_e2/20260914_231005_date2027_e2_bc_hotspot64/work/FM64/sdf_annotate.log,98001,2454001,50000,35257,0.705140000,14330,331.600170,233.824544,543.373832,1307.000000,1525.100000,True,True,True,False,False,PASS
PROP_temp64,HOTSPOT10,480,HOTSPOT10_n64_s202701_m480_PROP_temp64_top16,HOTSPOT10_n64_s202701_m480_PROP_temp64_top16.case,20260913_prop_temp64_asap_uc_m5_200,5c8294455b6436aa34ad2c34327926722a641ddcff1fa5ae12b9bb970507841d,9625d0dd8567cd6f0d372e92cf1c81cf7f1a5c8489edd901f7a2a419fc4b8514,a098dd3e12dcb039c231f5d581184a96270270d9d58dfd6b1463a48d4d89a914,1fe8f223fe413c366334049172c374da287c2402e1de05cbac223a49ab715049,1badde29f2943b1aacb47b2836dda91e763d3d3d135a06d651febae977e92f86,c6fa777f3b29c568c4eb92b401627024ec7a499d3911a1f45cb458a89cb4c98b  /prjtemp/ghy19/date2027_e2/20260914_231005_date2027_e2_bc_hotspot64/work/PROP_temp64/sdf_annotate.log,77001,2249001,50000,49198,0.983960000,717,359.691529,353.922076,180.978421,420.900000,550.600000,True,True,True,False,False,PASS
FM64,HOTSPOT10,480,HOTSPOT10_n64_s202701_m480_FM64_top0,HOTSPOT10_n64_s202701_m480_FM64_top0.case,20260913_104506_cmr_fm64_rpsdel150,5c8294455b6436aa34ad2c34327926722a641ddcff1fa5ae12b9bb970507841d,9625d0dd8567cd6f0d372e92cf1c81cf7f1a5c8489edd901f7a2a419fc4b8514,fab4178ae0f58ab0e2d79c78c362e62166f0bc15c521f6ac8e36f38a3510f713,67550544fed7496b08f15ee38f70ef77cb7b8c168a29550af8525a172d0d806e,67bf5fea34102ec2c2362eb97ebb9d407ed411f82f9456b5385a4b8e7df467ef,23dfd8e09500ac077ad7bc09b7620c2151181b5f21bb3b434ab8dd342805051a  /prjtemp/ghy19/date2027_e2/20260914_231005_date2027_e2_bc_hotspot64/work/FM64/sdf_annotate.log,77001,2249001,50000,31439,0.628780000,18096,359.691529,226.166839,521.308201,1189.300000,1394.800000,True,True,True,False,False,PASS
PROP_temp64,HOTSPOT10,500,HOTSPOT10_n64_s202701_m500_PROP_temp64_top16,HOTSPOT10_n64_s202701_m500_PROP_temp64_top16.case,20260913_prop_temp64_asap_uc_m5_200,17f49d2dfa8801d9a777f57832228879355e0a46c471129cc717082f21b7901c,64bc5d9bf53014138f7a016b3efff1b72b7bd91182d7f757183d9c8588b52384,f0228ed2ed318a4f600694dee5c4f9218e2780f4897cd655970514af0d35025e,3ece5a6b992a036743b18dec4d16f4eb6bba1597110ed079ce6edaf6ce511cb4,16edf6f4f180e8ec496240ecffac0673358830228b5be849c6fa29f75d896d51,c6fa777f3b29c568c4eb92b401627024ec7a499d3911a1f45cb458a89cb4c98b  /prjtemp/ghy19/date2027_e2/20260914_231005_date2027_e2_bc_hotspot64/work/PROP_temp64/sdf_annotate.log,71001,2334001,50000,49723,0.994460000,242,345.227574,343.315013,224.609065,524.900000,665.600000,True,True,True,False,False,PASS
FM64,HOTSPOT10,500,HOTSPOT10_n64_s202701_m500_FM64_top0,HOTSPOT10_n64_s202701_m500_FM64_top0.case,20260913_104506_cmr_fm64_rpsdel150,17f49d2dfa8801d9a777f57832228879355e0a46c471129cc717082f21b7901c,64bc5d9bf53014138f7a016b3efff1b72b7bd91182d7f757183d9c8588b52384,5ae175157a696f897b62179c024b89f757904127f0e638f08dff68eea92dc3e9,ed6811e3e51a7434cc30eceb8afbf7c3f1810b971d705fc266bcad7068149268,e5b3fd698c73d23c9ce5435d1e15ed3d42d5576fb62d4e7e6bceff1591ac5c77,23dfd8e09500ac077ad7bc09b7620c2151181b5f21bb3b434ab8dd342805051a  /prjtemp/ghy19/date2027_e2/20260914_231005_date2027_e2_bc_hotspot64/work/FM64/sdf_annotate.log,71001,2334001,50000,32934,0.658680000,16579,345.227574,227.394498,559.295868,1236.100000,1494.700000,True,True,True,False,False,PASS
PROP_temp64,HOTSPOT10,600,HOTSPOT10_n64_s202701_m600_PROP_temp64_top16,HOTSPOT10_n64_s202701_m600_PROP_temp64_top16.case,20260913_prop_temp64_asap_uc_m5_200,74b453c68f1419eb929368a8a5fc61b80fdbb3c7fa32cb5c1679adfd35e3e205,ffffb3a5be19976521e70417ff3186aab51b2130552b138083e3601b5537cb79,6473a41fcfba79239557ed695cf3f55e4a4599f6403d8f599b23cd30856acd37,97837ad3f1125ef43b0cc9db19e97d93774908aa7ec4c3c8c01c2508dd197bbd,f6ddb9df26cb361d89c32b1b32b83bbc6ce891381c04c81b40239a69601598cb,c6fa777f3b29c568c4eb92b401627024ec7a499d3911a1f45cb458a89cb4c98b  /prjtemp/ghy19/date2027_e2/20260914_231005_date2027_e2_bc_hotspot64/work/PROP_temp64/sdf_annotate.log,79001,1857001,50000,43176,0.863520000,6356,439.398200,379.429134,327.772594,642.900000,739.600000,True,True,True,False,False,PASS
FM64,HOTSPOT10,600,HOTSPOT10_n64_s202701_m600_FM64_top0,HOTSPOT10_n64_s202701_m600_FM64_top0.case,20260913_104506_cmr_fm64_rpsdel150,74b453c68f1419eb929368a8a5fc61b80fdbb3c7fa32cb5c1679adfd35e3e205,ffffb3a5be19976521e70417ff3186aab51b2130552b138083e3601b5537cb79,96e818faa4b95609ab8c6eb494df563066efa8343edc229d1d8bbbc63b7cefe5,5a1c1112f21693b9f985e042f012d05a390aa2ad3738ab69ca792797e817e135,20f4f9d2f0cdaecf7c7508c178058a6b8ce4b7e443c0c8f79d5a1a62c7202025,23dfd8e09500ac077ad7bc09b7620c2151181b5f21bb3b434ab8dd342805051a  /prjtemp/ghy19/date2027_e2/20260914_231005_date2027_e2_bc_hotspot64/work/FM64/sdf_annotate.log,79001,1857001,50000,25181,0.503620000,24278,439.398200,221.289722,552.467699,1134.100000,1301.800000,True,True,True,False,False,PASS
PROP_temp64,HOTSPOT10,700,HOTSPOT10_n64_s202701_m700_PROP_temp64_top16,HOTSPOT10_n64_s202701_m700_PROP_temp64_top16.case,20260913_prop_temp64_asap_uc_m5_200,0d7e3dba55ecb57040e7ddededb9000f5be3da98e4ecd9c98eb4aeb6245b0407,39c41388c0898846c5283c777c0c068757a07e91c64c375f17b1acadf758f391,699fe4e1940f13b5fa37706824757581a3e753f02c98da20f5bc2bbc0e9530be,fc260c8561c8f36f6aedda3b0f9c92196d4c229b6c4384486a02d2bc952b8ae0,1157c38b8386888d858ab53e6657ae97f4535b51fe8ba8dcd03a7f3c700e4a3d,c6fa777f3b29c568c4eb92b401627024ec7a499d3911a1f45cb458a89cb4c98b  /prjtemp/ghy19/date2027_e2/20260914_231005_date2027_e2_bc_hotspot64/work/PROP_temp64/sdf_annotate.log,63001,1574001,50000,35966,0.719320000,13462,517.041694,371.918432,353.022779,651.400000,742.400000,True,True,True,False,False,PASS
FM64,HOTSPOT10,700,HOTSPOT10_n64_s202701_m700_FM64_top0,HOTSPOT10_n64_s202701_m700_FM64_top0.case,20260913_104506_cmr_fm64_rpsdel150,0d7e3dba55ecb57040e7ddededb9000f5be3da98e4ecd9c98eb4aeb6245b0407,39c41388c0898846c5283c777c0c068757a07e91c64c375f17b1acadf758f391,a1606c6e48d78d66b3fb17f8a073ff88a7ac1f85d71ff920c0d35386d0ac96b5,0f0cce264a9a54ad66ebb399d16da7af2ff91a66d28b1df6b4eb3b85ba3fd3c3,af0f38eff53b60a743cb3633af0b62645a110ff1f44912d56290c1951cbf8229,23dfd8e09500ac077ad7bc09b7620c2151181b5f21bb3b434ab8dd342805051a  /prjtemp/ghy19/date2027_e2/20260914_231005_date2027_e2_bc_hotspot64/work/FM64/sdf_annotate.log,63001,1574001,50000,20771,0.415420000,28681,517.041694,214.789461,536.867807,1020.200000,1150.900000,True,True,True,False,False,PASS
PROP_temp64,HOTSPOT10,800,HOTSPOT10_n64_s202701_m800_PROP_temp64_top16,HOTSPOT10_n64_s202701_m800_PROP_temp64_top16.case,20260913_prop_temp64_asap_uc_m5_200,86eee376d64afbd71da8518fb731c55c7df7c326d890eabfa2945108d7742435,8b646b466a62aea6ca88d7a0fb8d748eac13514909276266848aa647f8ca378e,7521d82b1aadb6dc55f27f99b23d33c8f92617fc028dd60c1340d823c6177d8a,db136b5c82bb1b0ec1e250cc2b428ec16086f7bd6f61b1d8ef8830badbd226e3,64aa8d31580dd03cf121ac23ab03ca4933832e56a576eb289c84f2f3cd66ed90,c6fa777f3b29c568c4eb92b401627024ec7a499d3911a1f45cb458a89cb4c98b  /prjtemp/ghy19/date2027_e2/20260914_231005_date2027_e2_bc_hotspot64/work/PROP_temp64/sdf_annotate.log,50001,1345001,50000,29925,0.598500000,19515,603.281853,361.064189,364.334575,651.800000,722.700000,True,True,True,False,False,PASS
FM64,HOTSPOT10,800,HOTSPOT10_n64_s202701_m800_FM64_top0,HOTSPOT10_n64_s202701_m800_FM64_top0.case,20260913_104506_cmr_fm64_rpsdel150,86eee376d64afbd71da8518fb731c55c7df7c326d890eabfa2945108d7742435,8b646b466a62aea6ca88d7a0fb8d748eac13514909276266848aa647f8ca378e,bae343faa0bd9027c6fca5bcdc09cb9ae032d06773b61e8af10e0ade3c87cfe7,a7da197f758aae446e8f657c70db19c748a0f008a7e24f8cef118e5054997ad9,5a1f00c4f54cd5804f854e5ac8354f73f33d707fb29169f1e7250ec01cfb40bc,23dfd8e09500ac077ad7bc09b7620c2151181b5f21bb3b434ab8dd342805051a  /prjtemp/ghy19/date2027_e2/20260914_231005_date2027_e2_bc_hotspot64/work/FM64/sdf_annotate.log,50001,1345001,50000,17124,0.342480000,32315,603.281853,206.611969,507.931301,909.200000,1013.800000,True,True,True,False,False,PASS
