design,design_label,netlist_run_id,gls_run_id,load_setpoint_mflit_per_port_s,injected_flits,delivered_flits,missing,unexpected,timeout,offered_mflit_per_port_s,delivered_mflit_per_port_s,backlog,flit_latency_mean_ns,flit_latency_p50_ns,flit_latency_p95_ns,flit_latency_p99_ns,pass_fail,case
FM64,FlatMesh64 DEL150,20260913_104506_cmr_fm64_rpsdel150,20260914_000444_cmr_fm64_asap_uc_m5_500,5,55000,55000,0,0,0,3.672047,3.67168,4,7.350208,7.0,12.2,14.0,PASS,TOPO-UR_n64_s202701_m5_FM64_top0
FM64,FlatMesh64 DEL150,20260913_104506_cmr_fm64_rpsdel150,20260914_000444_cmr_fm64_asap_uc_m5_500,10,55000,55000,0,0,0,6.823978,6.823296,4,7.421213,7.0,12.2,14.1,PASS,TOPO-UR_n64_s202701_m10_FM64_top0
FM64,FlatMesh64 DEL150,20260913_104506_cmr_fm64_rpsdel150,20260914_000444_cmr_fm64_asap_uc_m5_500,20,55000,55000,0,0,0,14.846452,14.844967,4,7.567908,7.1,12.4,15.0,PASS,TOPO-UR_n64_s202701_m20_FM64_top0
FM64,FlatMesh64 DEL150,20260913_104506_cmr_fm64_rpsdel150,20260914_000444_cmr_fm64_asap_uc_m5_500,40,55000,55000,0,0,0,31.804674,31.801493,4,7.900176,7.7,13.4,16.8,PASS,TOPO-UR_n64_s202701_m40_FM64_top0
FM64,FlatMesh64 DEL150,20260913_104506_cmr_fm64_rpsdel150,20260914_000444_cmr_fm64_asap_uc_m5_500,60,55000,55000,0,0,0,44.740007,44.735533,4,8.256786,7.8,14.4,18.5,PASS,TOPO-UR_n64_s202701_m60_FM64_top0
FM64,FlatMesh64 DEL150,20260913_104506_cmr_fm64_rpsdel150,20260914_000444_cmr_fm64_asap_uc_m5_500,80,55000,55000,0,0,0,58.398116,58.392276,4,8.652514,7.9,15.6,20.7,PASS,TOPO-UR_n64_s202701_m80_FM64_top0
FM64,FlatMesh64 DEL150,20260913_104506_cmr_fm64_rpsdel150,20260914_000444_cmr_fm64_asap_uc_m5_500,100,55000,55000,0,0,0,75.731873,75.7243,4,9.1596,8.6,17.2,23.5,PASS,TOPO-UR_n64_s202701_m100_FM64_top0
FM64,FlatMesh64 DEL150,20260913_104506_cmr_fm64_rpsdel150,20260914_000444_cmr_fm64_asap_uc_m5_500,120,55000,55000,0,0,0,86.892448,86.883759,4,9.825034,8.7,19.3,26.9,PASS,TOPO-UR_n64_s202701_m120_FM64_top0
FM64,FlatMesh64 DEL150,20260913_104506_cmr_fm64_rpsdel150,20260914_000444_cmr_fm64_asap_uc_m5_500,140,55000,55000,0,0,0,102.660972,102.650706,4,10.528879,9.3,21.4,31.3,PASS,TOPO-UR_n64_s202701_m140_FM64_top0
FM64,FlatMesh64 DEL150,20260913_104506_cmr_fm64_rpsdel150,20260914_000444_cmr_fm64_asap_uc_m5_500,160,55000,55000,0,0,0,127.03252,127.019817,4,11.889458,10.1,25.7,40.5,PASS,TOPO-UR_n64_s202701_m160_FM64_top0
FM64,FlatMesh64 DEL150,20260913_104506_cmr_fm64_rpsdel150,20260914_000444_cmr_fm64_asap_uc_m5_500,180,55000,55000,0,0,0,144.568838,144.554381,4,12.988373,10.7,29.4,44.0,PASS,TOPO-UR_n64_s202701_m180_FM64_top0
FM64,FlatMesh64 DEL150,20260913_104506_cmr_fm64_rpsdel150,20260914_000444_cmr_fm64_asap_uc_m5_500,200,55000,55000,0,0,0,153.607943,153.555717,5,15.026315,11.9,36.5,57.2,PASS,TOPO-UR_n64_s202701_m200_FM64_top0
FM64,FlatMesh64 DEL150,20260913_104506_cmr_fm64_rpsdel150,20260914_000444_cmr_fm64_asap_uc_m5_500,220,55000,55000,0,0,0,168.518119,168.484415,7,20.851154,14.3,58.7,117.0,PASS,TOPO-UR_n64_s202701_m220_FM64_top0
FM64,FlatMesh64 DEL150,20260913_104506_cmr_fm64_rpsdel150,20260914_000444_cmr_fm64_asap_uc_m5_500,240,55000,55000,0,0,0,177.315025,177.297293,4,32.696135,19.0,104.7,252.2,PASS,TOPO-UR_n64_s202701_m240_FM64_top0
FM64,FlatMesh64 DEL150,20260913_104506_cmr_fm64_rpsdel150,20260914_000444_cmr_fm64_asap_uc_m5_500,260,55000,55000,0,0,0,204.141625,204.121211,4,86.805593,33.8,361.3,764.9,PASS,TOPO-UR_n64_s202701_m260_FM64_top0
FM64,FlatMesh64 DEL150,20260913_104506_cmr_fm64_rpsdel150,20260914_000444_cmr_fm64_asap_uc_m5_500,280,55000,55000,0,0,0,199.247641,199.227716,4,203.843186,88.4,791.7,1118.5,PASS,TOPO-UR_n64_s202701_m280_FM64_top0
FM64,FlatMesh64 DEL150,20260913_104506_cmr_fm64_rpsdel150,20260914_000444_cmr_fm64_asap_uc_m5_500,300,55000,55000,0,0,0,226.383657,222.376666,843,248.133793,106.7,846.2,1259.9,PASS,TOPO-UR_n64_s202701_m300_FM64_top0
FM64,FlatMesh64 DEL150,20260913_104506_cmr_fm64_rpsdel150,20260914_000444_cmr_fm64_asap_uc_m5_500,320,55000,55000,0,0,0,236.384266,228.578858,1568,336.830861,192.0,1056.2,1323.2,PASS,TOPO-UR_n64_s202701_m320_FM64_top0
FM64,FlatMesh64 DEL150,20260913_104506_cmr_fm64_rpsdel150,20260914_000444_cmr_fm64_asap_uc_m5_500,340,55000,55000,0,0,0,230.729474,225.524217,1069,453.578436,279.3,1275.6,1641.4,PASS,TOPO-UR_n64_s202701_m340_FM64_top0
FM64,FlatMesh64 DEL150,20260913_104506_cmr_fm64_rpsdel150,20260914_000444_cmr_fm64_asap_uc_m5_500,360,55000,55000,0,0,0,266.729259,239.00542,4963,430.289767,256.4,1223.9,1433.2,PASS,TOPO-UR_n64_s202701_m360_FM64_top0
FM64,FlatMesh64 DEL150,20260913_104506_cmr_fm64_rpsdel150,20260914_000444_cmr_fm64_asap_uc_m5_500,380,55000,55000,0,0,0,276.646601,234.087288,7413,473.751568,322.3,1239.8,1438.7,PASS,TOPO-UR_n64_s202701_m380_FM64_top0
FM64,FlatMesh64 DEL150,20260913_104506_cmr_fm64_rpsdel150,20260914_000444_cmr_fm64_asap_uc_m5_500,400,55000,55000,0,0,0,289.030707,230.866167,9695,519.747382,394.2,1355.1,1513.7,PASS,TOPO-UR_n64_s202701_m400_FM64_top0
FM64,FlatMesh64 DEL150,20260913_104506_cmr_fm64_rpsdel150,20260914_000444_cmr_fm64_asap_uc_m5_500,420,55000,55000,0,0,0,302.224371,230.699952,11432,530.27003,404.3,1313.4,1550.9,PASS,TOPO-UR_n64_s202701_m420_FM64_top0
FM64,FlatMesh64 DEL150,20260913_104506_cmr_fm64_rpsdel150,20260914_000444_cmr_fm64_asap_uc_m5_500,440,55000,55000,0,0,0,346.298759,230.33023,16281,487.51935,403.4,1189.6,1434.1,PASS,TOPO-UR_n64_s202701_m440_FM64_top0
FM64,FlatMesh64 DEL150,20260913_104506_cmr_fm64_rpsdel150,20260914_000444_cmr_fm64_asap_uc_m5_500,460,55000,55000,0,0,0,335.012864,229.993032,15256,535.080498,458.5,1269.3,1452.2,PASS,TOPO-UR_n64_s202701_m460_FM64_top0
FM64,FlatMesh64 DEL150,20260913_104506_cmr_fm64_rpsdel150,20260914_000444_cmr_fm64_asap_uc_m5_500,480,55000,55000,0,0,0,350.650808,230.503815,16671,525.803062,453.3,1240.1,1456.4,PASS,TOPO-UR_n64_s202701_m480_FM64_top0
FM64,FlatMesh64 DEL150,20260913_104506_cmr_fm64_rpsdel150,20260914_000444_cmr_fm64_asap_uc_m5_500,500,55000,55000,0,0,0,369.910038,229.137074,18506,506.066765,442.4,1163.0,1381.2,PASS,TOPO-UR_n64_s202701_m500_FM64_top0
FM64,FlatMesh64 DEL150,20260913_104506_cmr_fm64_rpsdel150,20260914_000444_cmr_fm64_asap_uc_m5_500,600,55000,55000,0,0,0,422.983216,222.27768,23233,573.752567,532.7,1156.5,1335.2,PASS,TOPO-UR_n64_s202701_m600_FM64_top0
FM64,FlatMesh64 DEL150,20260913_104506_cmr_fm64_rpsdel150,20260914_000444_cmr_fm64_asap_uc_m5_500,700,55000,55000,0,0,0,547.477225,212.760599,30026,511.265825,493.5,964.3,1121.6,PASS,TOPO-UR_n64_s202701_m700_FM64_top0
FM64,FlatMesh64 DEL150,20260913_104506_cmr_fm64_rpsdel150,20260914_000444_cmr_fm64_asap_uc_m5_500,800,55000,55000,0,0,0,604.215004,204.538863,32545,507.23623,503.9,909.4,1017.7,PASS,TOPO-UR_n64_s202701_m800_FM64_top0
PROP_temp64,PROP_temp64 DEL050,20260913_prop_temp64_asap_uc_m5_200,20260913_prop_temp64_asap_uc_m5_500,5,55000,55000,0,0,0,3.672047,3.67168,4,6.207812,6.5,8.4,12.1,PASS,TOPO-UR_n64_s202701_m5_PROP_temp64_top16
PROP_temp64,PROP_temp64 DEL050,20260913_prop_temp64_asap_uc_m5_200,20260913_prop_temp64_asap_uc_m5_500,10,55000,55000,0,0,0,6.823978,6.823296,4,6.38155,6.5,9.5,13.3,PASS,TOPO-UR_n64_s202701_m10_PROP_temp64_top16
PROP_temp64,PROP_temp64 DEL050,20260913_prop_temp64_asap_uc_m5_200,20260913_prop_temp64_asap_uc_m5_500,20,55000,55000,0,0,0,14.846452,14.844967,4,6.733257,6.5,11.5,15.2,PASS,TOPO-UR_n64_s202701_m20_PROP_temp64_top16
PROP_temp64,PROP_temp64 DEL050,20260913_prop_temp64_asap_uc_m5_200,20260913_prop_temp64_asap_uc_m5_500,40,55000,55000,0,0,0,31.804674,31.801493,4,7.539986,6.6,14.3,19.8,PASS,TOPO-UR_n64_s202701_m40_PROP_temp64_top16
PROP_temp64,PROP_temp64 DEL050,20260913_prop_temp64_asap_uc_m5_200,20260913_prop_temp64_asap_uc_m5_500,60,55000,55000,0,0,0,44.740007,44.735533,4,8.361121,7.4,16.8,23.5,PASS,TOPO-UR_n64_s202701_m60_PROP_temp64_top16
PROP_temp64,PROP_temp64 DEL050,20260913_prop_temp64_asap_uc_m5_200,20260913_prop_temp64_asap_uc_m5_500,80,55000,55000,0,0,0,58.398116,58.392276,4,9.243171,7.5,20.2,29.9,PASS,TOPO-UR_n64_s202701_m80_PROP_temp64_top16
PROP_temp64,PROP_temp64 DEL050,20260913_prop_temp64_asap_uc_m5_200,20260913_prop_temp64_asap_uc_m5_500,100,55000,55000,0,0,0,75.731873,75.7243,4,10.325957,8.3,23.9,35.3,PASS,TOPO-UR_n64_s202701_m100_PROP_temp64_top16
PROP_temp64,PROP_temp64 DEL050,20260913_prop_temp64_asap_uc_m5_200,20260913_prop_temp64_asap_uc_m5_500,120,55000,55000,0,0,0,86.892448,86.883759,4,11.343857,8.5,26.9,41.0,PASS,TOPO-UR_n64_s202701_m120_PROP_temp64_top16
PROP_temp64,PROP_temp64 DEL050,20260913_prop_temp64_asap_uc_m5_200,20260913_prop_temp64_asap_uc_m5_500,140,55000,55000,0,0,0,102.660972,102.650706,4,12.03358,9.2,29.0,44.4,PASS,TOPO-UR_n64_s202701_m140_PROP_temp64_top16
PROP_temp64,PROP_temp64 DEL050,20260913_prop_temp64_asap_uc_m5_200,20260913_prop_temp64_asap_uc_m5_500,160,55000,55000,0,0,0,127.03252,127.019817,4,14.097892,10.5,36.9,57.3,PASS,TOPO-UR_n64_s202701_m160_PROP_temp64_top16
PROP_temp64,PROP_temp64 DEL050,20260913_prop_temp64_asap_uc_m5_200,20260913_prop_temp64_asap_uc_m5_500,180,55000,55000,0,0,0,144.568838,144.554381,4,14.763983,11.2,37.3,58.1,PASS,TOPO-UR_n64_s202701_m180_PROP_temp64_top16
PROP_temp64,PROP_temp64 DEL050,20260913_prop_temp64_asap_uc_m5_200,20260913_prop_temp64_asap_uc_m5_500,200,55000,55000,0,0,0,153.607943,153.558789,8,15.725417,11.8,40.6,61.2,PASS,TOPO-UR_n64_s202701_m200_PROP_temp64_top16
PROP_temp64,PROP_temp64 DEL050,20260913_prop_temp64_asap_uc_m5_200,20260913_prop_temp64_asap_uc_m5_500,220,55000,55000,0,0,0,168.518119,168.484415,7,17.792478,13.1,48.4,76.6,PASS,TOPO-UR_n64_s202701_m220_PROP_temp64_top16
PROP_temp64,PROP_temp64 DEL050,20260913_prop_temp64_asap_uc_m5_200,20260913_prop_temp64_asap_uc_m5_500,240,55000,55000,0,0,0,177.315025,177.297293,4,20.440244,14.9,54.6,86.9,PASS,TOPO-UR_n64_s202701_m240_PROP_temp64_top16
PROP_temp64,PROP_temp64 DEL050,20260913_prop_temp64_asap_uc_m5_200,20260913_prop_temp64_asap_uc_m5_500,260,55000,55000,0,0,0,204.141625,204.121211,4,21.799103,15.8,59.5,96.9,PASS,TOPO-UR_n64_s202701_m260_PROP_temp64_top16
PROP_temp64,PROP_temp64 DEL050,20260913_prop_temp64_asap_uc_m5_200,20260913_prop_temp64_asap_uc_m5_500,280,55000,55000,0,0,0,199.247641,199.227716,4,24.907749,18.3,67.3,102.7,PASS,TOPO-UR_n64_s202701_m280_PROP_temp64_top16
PROP_temp64,PROP_temp64 DEL050,20260913_prop_temp64_asap_uc_m5_200,20260913_prop_temp64_asap_uc_m5_500,300,55000,55000,0,0,0,226.383657,226.361019,4,28.379801,21.2,74.9,113.5,PASS,TOPO-UR_n64_s202701_m300_PROP_temp64_top16
PROP_temp64,PROP_temp64 DEL050,20260913_prop_temp64_asap_uc_m5_200,20260913_prop_temp64_asap_uc_m5_500,320,55000,55000,0,0,0,236.384266,236.360628,4,33.723324,24.4,94.8,144.1,PASS,TOPO-UR_n64_s202701_m320_PROP_temp64_top16
PROP_temp64,PROP_temp64 DEL050,20260913_prop_temp64_asap_uc_m5_200,20260913_prop_temp64_asap_uc_m5_500,340,55000,55000,0,0,0,230.729474,230.706401,4,38.720616,28.4,109.2,165.3,PASS,TOPO-UR_n64_s202701_m340_PROP_temp64_top16
PROP_temp64,PROP_temp64 DEL050,20260913_prop_temp64_asap_uc_m5_200,20260913_prop_temp64_asap_uc_m5_500,360,55000,55000,0,0,0,266.729259,266.702586,4,54.103523,38.2,158.3,261.7,PASS,TOPO-UR_n64_s202701_m360_PROP_temp64_top16
PROP_temp64,PROP_temp64 DEL050,20260913_prop_temp64_asap_uc_m5_200,20260913_prop_temp64_asap_uc_m5_500,380,55000,55000,0,0,0,276.646601,276.591271,6,50.393509,38.8,133.5,182.9,PASS,TOPO-UR_n64_s202701_m380_PROP_temp64_top16
PROP_temp64,PROP_temp64 DEL050,20260913_prop_temp64_asap_uc_m5_200,20260913_prop_temp64_asap_uc_m5_500,400,55000,55000,0,0,0,289.030707,288.926656,17,80.918216,58.0,243.4,345.3,PASS,TOPO-UR_n64_s202701_m400_PROP_temp64_top16
PROP_temp64,PROP_temp64 DEL050,20260913_prop_temp64_asap_uc_m5_200,20260913_prop_temp64_asap_uc_m5_500,420,55000,55000,0,0,0,302.224371,302.194149,4,95.06929,71.4,267.9,357.0,PASS,TOPO-UR_n64_s202701_m420_PROP_temp64_top16
PROP_temp64,PROP_temp64 DEL050,20260913_prop_temp64_asap_uc_m5_200,20260913_prop_temp64_asap_uc_m5_500,440,55000,55000,0,0,0,346.298759,345.474568,97,134.861465,110.5,336.6,468.3,PASS,TOPO-UR_n64_s202701_m440_PROP_temp64_top16
PROP_temp64,PROP_temp64 DEL050,20260913_prop_temp64_asap_uc_m5_200,20260913_prop_temp64_asap_uc_m5_500,460,55000,55000,0,0,0,335.012864,334.490244,72,183.326343,152.8,445.4,573.0,PASS,TOPO-UR_n64_s202701_m460_PROP_temp64_top16
PROP_temp64,PROP_temp64 DEL050,20260913_prop_temp64_asap_uc_m5_200,20260913_prop_temp64_asap_uc_m5_500,480,55000,55000,0,0,0,350.650808,348.974697,208,187.201651,160.7,419.0,567.3,PASS,TOPO-UR_n64_s202701_m480_PROP_temp64_top16
PROP_temp64,PROP_temp64 DEL050,20260913_prop_temp64_asap_uc_m5_200,20260913_prop_temp64_asap_uc_m5_500,500,55000,55000,0,0,0,369.910038,362.844756,835,204.511665,166.6,512.9,616.5,PASS,TOPO-UR_n64_s202701_m500_PROP_temp64_top16
PROP_temp64,PROP_temp64 DEL050,20260913_prop_temp64_asap_uc_m5_200,20260913_prop_temp64_asap_uc_m5_500,600,55000,55000,0,0,0,422.983216,379.195994,4776,324.753144,312.6,645.4,744.0,PASS,TOPO-UR_n64_s202701_m600_PROP_temp64_top16
PROP_temp64,PROP_temp64 DEL050,20260913_prop_temp64_asap_uc_m5_200,20260913_prop_temp64_asap_uc_m5_500,700,55000,55000,0,0,0,547.477225,370.532586,15601,346.453261,346.5,628.2,702.7,PASS,TOPO-UR_n64_s202701_m700_PROP_temp64_top16
PROP_temp64,PROP_temp64 DEL050,20260913_prop_temp64_asap_uc_m5_200,20260913_prop_temp64_asap_uc_m5_500,800,55000,55000,0,0,0,604.215004,355.858469,19978,376.233479,375.1,664.9,756.7,PASS,TOPO-UR_n64_s202701_m800_PROP_temp64_top16
